receipt_number,item_name,item_id,unit_price,quantity,unit,pre_discount_sum
1,Banan Chiquita,4011,24.9,0.51,kg,12.57
1,Frukt & Grönt,13800,20.0,1.0,st,20.0
1,Färsk Salsiccia,7350041427278,21.9,1.0,st,21.9
1,Kvarg hallon 0.2%,4016241050533,29.9,1.0,st,29.9
1,Kycklingkorv,7350041427407,19.9,1.0,st,19.9
1,Linschips Sourcrea,7310532112236,11.0,1.0,st,20.9
1,Lättkvarg Natur LF,7318690137870,10.0,4.0,st,40.0
1,Ravioli svamp,7318690490005,16.9,2.0,st,33.8
1,Standardmjölk 3%,7318690115144,11.9,2.0,st,23.8
1,Tort soltor tomat,7318690490081,16.9,1.0,st,16.9
2,Kvarg blåbär,4016241050540,29.9,1.0,st,29.9
2,Kvarg vanilj 0.2%,4016241050526,29.9,1.0,st,29.9
2,Kycklingköttbullar,7300327552002,55.9,1.0,st,55.9
2,Levain,7311070008159,39.9,1.0,st,39.9
2,Lövbiff,2330078600000,99.0,0.5,kg,49.7
2,Standardmjölk 3%,7318690115144,12.9,1.0,st,12.9
3,Banan Chiquita,4011,24.9,0.56,kg,13.82
3,Feta,7350002402658,15.0,1.0,st,24.9
3,Färskpotatis,4833,7.9,0.99,kg,7.82
3,ICA Bad&Toa 6-p,7318690046905,32.9,1.0,st,32.9
3,I love ECO bacon,7318690185611,12.9,2.0,st,25.8
3,Kvarg blåbär,4016241050540,29.9,1.0,st,29.9
3,Kvarg hallon 0.2%,4016241050533,29.9,1.0,st,29.9
3,Nötstek,2330076900000,79.0,0.96,kg,76.0
3,Standardmjölk 3%,7318690115144,12.9,1.0,st,12.9
3,Ägg Frigående 6-pac,7392964301242,11.0,1.0,st,11.0
4,Energi Lewis Hamil,5060337508988,11.0,1.0,st,19.9
4,Fransyska BBQ,2319177500000,84.9,0.81,kg,68.77
4,I love ECO bacon,7318690185611,12.9,1.0,st,12.9
4,Lättkvarg Blå/Van,7318690491750,11.0,6.0,st,66.0
4,Rökt skinka,7350025545554,12.0,1.0,st,12.0
4,Standardmjölk 3%,7318690115144,12.9,2.0,st,25.8
4,Äggnudlar,7318690497165,10.0,1.0,st,10.0
5,I love ECO bacon,7318690185611,12.9,1.0,st,12.9
5,Nötfärs,7300300036642,45.0,2.0,st,90.0
5,Standardmjölk 3%,7318690115144,12.9,2.0,st,25.8
5,Taco Spice Mix,7311310031039,24.9,1.0,st,24.9
5,Ägg 15-pack frigåe,7392964158938,42.9,1.0,st,42.9
6,Banan Chiquita,4011,24.9,0.9,kg,22.41
6,Guacamole,7350115902045,21.9,1.0,st,21.9
6,Kvarg hallon 0.2%,4016241050533,39.9,1.0,st,39.9
6,Peanutbutter cream,7350021421852,21.9,1.0,st,37.9
6,Standardmjölk 3%,7318690115144,12.9,3.0,st,38.7
6,Tuttifrutti,6430064403372,19.9,1.0,st,19.9
7,Bacon sk Scan 140g,7300208345006,10.0,1.0,st,10.0
7,Kvarg hallon 0.2%,4016241050533,39.9,1.0,st,39.9
7,Nötfärs,7300300037793,45.0,1.0,st,45.0
7,Standardmjölk 3%,7318690115144,12.9,3.0,st,38.7
8,Banan Chiquita,4011,24.9,0.48,kg,12.08
8,Hamburgare Bacon,7318690046097,29.9,1.0,st,29.9
8,Kebabspett,7318690002109,29.9,1.0,st,29.9
8,Kvarg vanilj Lfri,7310867548663,14.9,3.0,st,44.7
8,Lammkorv,7340063013702,24.9,1.0,st,24.9
8,LantGoda,7311070008494,19.9,1.0,st,34.9
8,Makrill 3-pack,7350022560826,29.9,1.0,st,29.9
8,Nötfärs 12%,2330096100000,89.0,1.01,kg,89.98
8,Prästost,2325214600000,69.9,0.7,kg,49.14
8,Smått & gott potati,7332205300108,12.0,1.0,st,12.0
8,Standardmjölk 3%,7318690115144,12.9,2.0,st,25.8
8,Zero Lime,5000112654417,7.9,2.0,st,31.8
8,Zero Vanilla ÅP,5000112645934,7.9,2.0,st,31.8
9,Bacon sk Scan 140g,7300208345006,10.0,1.0,st,10.0
9,Banan Chiquita,4011,24.9,0.34,kg,8.59
9,Bikarbonat,7311311004537,9.9,1.0,st,9.9
9,Chocolate Chunks,7300400482547,12.5,1.0,st,22.9
9,Creme Fraiche,7318690140436,34.9,1.0,st,34.9
9,Dark Chocolate,7300400482530,12.5,1.0,st,22.9
9,Guacamole,7350115902045,21.9,1.0,st,21.9
9,Munkar,9020,8.33,1.0,st,8.9
9,Ringmunk,9010,8.34,2.0,st,17.8
9,Standardmjölk 3%,7318690115144,12.9,2.0,st,25.8
9,Torti chips chili,7318690050995,12.5,1.0,st,14.9
9,Tortil chips natur,7318690050988,12.5,1.0,st,14.9
9,Vitlöksbaguetter,7350011741755,17.9,1.0,st,17.9
9,Wienerkorv,7320020003427,21.9,1.0,st,21.9
10,Banan Chiquita,4011,24.9,0.81,kg,20.29
10,Bomullspads,7318690081999,8.9,1.0,st,8.9
10,Bomullspinnar,7318690161585,15.9,1.0,st,15.9
10,Chicken Kebab,7313940580024,41.9,1.0,st,41.9
10,Citroner i nät,8718531852099,12.0,1.0,st,12.0
10,Grevé 28% 12 mån,2340386300000,99.0,0.65,kg,64.15
10,ICA Bad&Toa 6-p,7318690046905,33.9,1.0,st,33.9
10,Levain,7311070008159,24.9,1.0,st,39.9
10,Lättkvarg Natur LF,7318690137870,8.0,4.0,st,32.0
10,Nötfärs 12%,2330096100000,89.0,1.02,kg,90.96
10,Standardmjölk 3%,7318690115144,12.9,2.0,st,25.8
10,X-tra allt Cheesy,7350126083191,10.0,2.0,st,20.0
11,Am choco pannkakor,8714801410785,14.9,1.0,st,14.9
11,Färskkorv Kolbasz,7300209556005,39.9,1.0,st,39.9
11,Guacamole,7350115902045,24.9,1.0,st,24.9
11,Klipp Iste Pe 50g,8711200454471,3.9,1.0,st,9.9
11,Kycklingkebab,7350011742042,48.0,1.0,st,48.0
11,Kycklingkorv,7350041427407,34.9,1.0,st,34.9
11,Nacho Chips,7318690038979,12.5,1.0,st,14.9
11,Original kakor,7310520009326,10.0,2.0,st,35.8
11,Panbiff,7300201361003,19.9,1.0,st,19.9
11,Penne agnesi,8001200024119,10.0,1.0,st,10.0
11,Standardmjölk 3%,7318690115144,12.9,2.0,st,25.8
11,Torti chips ost,7318690051008,12.5,1.0,st,14.9
11,Ägg 15-pack frigåe,7392964158938,42.9,1.0,st,42.9
12,Banan Chiquita,4011,24.9,0.39,kg,9.59
12,Excellence Havssal,3046920029674,11.0,1.0,st,26.9
12,Hönö Jollekaka,7311070003567,17.9,1.0,st,27.9
12,Paneng red curry,7313940012648,39.9,1.0,st,39.9
12,Standardmjölk 3%,7318690115144,12.9,3.0,st,38.7
12,Taco Spice Mix,7311310031039,15.0,1.0,st,29.9
13,Banan Chiquita,4011,24.9,0.46,kg,11.45
13,Dove Tvål 500ml,4000388179004,10.0,1.0,st,27.9
13,Hönö Jollekaka,7311070003567,17.9,1.0,st,27.9
13,ICA Mat&kök 4-p,7318690069133,31.9,1.0,st,31.9
13,Standardmjölk 3%,7318690115144,12.9,1.0,st,12.9
14,Fransyska BBQ,2319177500000,89.0,1.15,kg,101.99
14,Nudlar Biff,7350035210114,5.0,2.0,st,11.8
14,Nudlar Kyckling,7350035210107,5.0,2.0,st,11.8
14,Nudlar Svamp,7350035210152,5.0,1.0,st,5.9
15,Banan Chiquita,4011,24.9,0.42,kg,10.58
15,Colgate Tandb 1p,5000209216511,9.0,1.0,st,18.9
15,Färskkorv Kolbasz,7300209556005,29.9,1.0,st,29.9
15,Kvarg vanilj Lfri,7310867548663,16.9,3.0,st,50.7
15,Levain,7311070008159,39.9,1.0,st,39.9
15,Läsk,7310401046723,6.0,4.0,st,20.0
15,Läsk,7310401046723,6.0,1.0,st,5.0
15,Morot nyskördade,7318693325106,6.0,1.0,st,12.9
15,Standardmjölk 3%,7318690115144,12.9,1.0,st,12.9
15,Sweet chili kyckl.,7313940012617,59.9,1.0,st,59.9
15,Tandkr Sens White,8718951312531,17.9,1.0,st,17.9
15,Ägg frigående S,7318690102861,42.9,1.0,st,42.9
16,A-fil+,7318690494447,10.0,1.0,st,10.0
16,Banan Chiquita,4011,24.9,0.35,kg,8.72
16,Coca-Cola zero,5449000133328,11.0,1.0,st,16.9
16,Fiori,7350027794929,11.0,1.0,st,11.0
16,Kabanoss Ízletes,7300201949003,24.9,1.0,st,24.9
16,Kvarg vanilj Lfri,7310867548663,16.9,1.0,st,16.9
16,Levain,7311070008159,39.9,1.0,st,39.9
16,Läsk,7310401046723,6.0,2.0,st,10.0
16,Standardmjölk 3%,7318690115144,12.9,2.0,st,25.8
16,Vetelängder,9013,27.9,1.0,st,27.9
17,Banan Chiquita,4011,24.9,0.34,kg,8.47
17,Big Milk Choklad,8712566101979,7.9,2.0,st,15.8
17,Bärkasse papper,2,3.5,1.0,st,3.5
17,Kycklfilébricka,2307127300000,89.0,0.82,kg,73.07
17,Levain,7311070008159,39.9,1.0,st,39.9
17,Lårfilé CriollaBBQ,2307128400000,79.9,0.95,kg,76.06
17,Nivea Rakgel 200ml,4005808222933,34.9,1.0,st,34.9
17,Pannkakor,7310130010866,49.9,1.0,st,49.9
17,Sirap ljus,7318690140276,15.9,1.0,st,15.9
17,Standardmjölk 3%,7318690115144,12.9,2.0,st,25.8
18,Banan Chiquita,4011,24.9,0.83,kg,20.67
18,chips Tryffelmajon,7340005406449,10.0,1.0,st,24.9
18,Flapstek,2372786800000,109.0,1.06,kg,115.21
18,Färskkorv Kolbasz,7300209556005,36.9,1.0,st,36.9
18,Iskaffe Latte,4100290025083,19.9,1.0,st,19.9
18,Kvarg Hallon,7310867548656,25.0,1.0,st,25.0
18,Mar tvådelad grill,2307125100000,69.0,0.86,kg,59.2
18,Mar tvådelad grill,2307125100000,69.0,0.74,kg,50.78
18,Salsiccia Naturell,7340012503216,24.9,1.0,st,24.9
18,Standardmjölk 3%,7318690115144,12.9,2.0,st,25.8
18,Stockholm B.kaffe,7310731102021,39.9,1.0,st,56.9
19,Aluminiumfolie,7318690085423,24.9,1.0,st,24.9
19,Banan Chiquita,4011,24.9,0.39,kg,9.71
19,Basmatiris,7318690482222,56.33,3.0,st,215.7
19,Bärkasse papper,2,3.5,1.0,st,3.5
19,Choklad Ljus Karam,8717677336654,19.9,1.0,st,19.9
19,Delichips Bryntsmö,7340005406050,10.0,1.0,st,24.9
19,Gouda i skivor,7318690081609,106.9,1.0,st,106.9
19,Iskaffe Latte,4100290025083,19.9,1.0,st,19.9
19,Jordn.smör Creamy,5707381019298,81.51,1.0,st,95.9
19,Levain,7311070008159,39.9,1.0,st,39.9
19,Original kakor,7310520009326,10.0,2.0,st,35.8
19,Smör Normalsaltat,7318690052678,53.9,1.0,st,53.9
19,Standardmjölk 3%,7318690115144,12.9,2.0,st,25.8
20,AXA Havregryn,7310130321122,10.0,1.0,st,10.0
20,Banan Chiquita,4011,24.9,0.68,kg,16.81
20,Choklad Ljus Karam,8717677336654,19.9,1.0,st,19.9
20,Choklad Ljus Nouga,8717677336630,19.9,1.0,st,19.9
20,Excellence Havssal,3046920029674,11.0,1.0,st,26.9
20,Standardmjölk 3%,7318690115144,12.9,2.0,st,25.8
20,Swebar Päronglass,7350028544905,6.67,3.0,st,68.7
21,AXA Havregryn,7310130321122,10.0,1.0,st,10.0
21,Banan Chiquita,4011,24.9,0.49,kg,12.2
21,Choklad Ljus Karam,8717677336654,19.9,1.0,st,19.9
21,Entrecoté,2386136000000,139.0,1.21,kg,167.5
21,Fiori,7350027794929,11.0,1.0,st,11.0
21,Färsk Nötkorv,7350041427292,29.9,1.0,st,29.9
21,Kulörtvätt,7318690101154,13.9,1.0,st,13.9
21,Kvarg vanilj 0.2%,4016241050526,39.9,1.0,st,39.9
21,Morötter i påse,7331398010016,12.0,1.0,st,12.0
21,Musslor i vatten,7311171008300,19.9,2.0,st,39.8
21,Potchips Backy BBQ,7350045594952,10.0,1.0,st,22.9
21,Risgröt Felix,7310090755692,6.9,2.0,st,13.8
21,Soft Centres Cooki,5056357900697,17.9,1.0,st,17.9
21,Standardmjölk 3%,7318690115144,12.9,1.0,st,12.9
21,Svartpeppar Hel,7311311004445,11.9,1.0,st,11.9
21,Tonfisk i vatten,7318690501992,10.0,3.0,st,30.0
22,Amer banan pannkak,8714801411485,12.9,1.0,st,12.9
22,Banan Chiquita,4011,24.9,0.45,kg,11.21
22,Bärkasse papper,2,3.5,1.0,st,3.5
22,Capellini,8076800195019,10.0,1.0,st,10.0
22,Choklad Ljus Karam,8717677336654,19.9,1.0,st,19.9
22,Creme Fraiche,7318690140436,35.9,1.0,st,35.9
22,Flat White,7613287184337,19.9,1.0,st,26.9
22,ICA Bad&Toa 6-p,7318690046905,33.9,1.0,st,33.9
22,Iskaffe Latte,4100290025083,19.9,1.0,st,19.9
22,Kycklingbröstfilé,2307116100000,99.0,1.01,kg,100.49
22,Levain,7311070008159,42.9,1.0,st,42.9
22,Mandarin Yoghurt Ch,6430048448061,16.9,2.0,st,33.8
22,Salted Crml Mocha,8445290183965,14.9,1.0,st,26.9
22,Smått & gott potati,7332205300108,12.0,1.0,st,12.0
22,Standardmjölk 3%,7318690115144,12.9,2.0,st,25.8
22,Tonfisk i vatten,7318690501992,10.0,2.0,st,20.0
22,Tortilla Chips Che,7311310032036,6.9,1.0,st,6.9
23,Amer banan pannkak,8714801411485,12.9,1.0,st,12.9
23,Banan Chiquita,4011,24.9,0.4,kg,9.84
23,Hel lax,2328029300000,89.0,1.91,kg,169.81
23,Kycklingbröstfilé,2307116100000,119.0,0.8,kg,94.72
23,Mandarin Yoghurt Ch,6430048448061,16.9,2.0,st,33.8
23,Nötfärs,2330068800000,89.9,1.62,kg,146.0
23,Smått & gott potati,7332205300108,12.0,1.0,st,12.0
23,Standardmjölk 3%,7318690115144,12.9,1.0,st,12.9
23,Tomater krossade,7318690013402,9.0,5.0,st,59.5
23,Tortilla Chips Che,7311310032036,6.9,1.0,st,6.9
24,Banan Chiquita,4011,19.9,0.77,kg,15.22
24,Bärkasse papper,2,3.5,1.0,st,3.5
24,Energituggummi,7350136170003,34.9,1.0,st,34.9
24,Iskaffe Latte,4100290025083,19.9,1.0,st,19.9
24,Levain,7311070008159,42.9,1.0,st,42.9
24,Läsk Vanilla,5000112645941,6.9,2.0,st,41.8
24,Nötfärs,7300300037793,45.0,2.0,st,90.0
24,Standardmjölk 3%,7318690115144,12.9,3.0,st,38.7
24,Zero Lime,5000112654400,6.9,1.0,st,20.9
25,Avfallspåse,7313130180621,17.5,2.0,st,47.8
25,Banan Chiquita,4011,19.9,0.66,kg,13.03
25,Creme Fraiche,7318690140436,35.9,1.0,st,35.9
25,Fiori,7350027794929,12.9,1.0,st,12.9
25,Friggs Ört-Te 25p,7310186023650,20.9,1.0,st,20.9
25,Glasspinne Ban/Car,8711327502611,10.0,2.0,st,20.0
25,Kooh-Norr Ceylonte,7311810080216,60.9,1.0,st,60.9
25,Läsk Vanilla,5000112645941,6.9,1.0,st,20.9
25,Standardmjölk 3%,7318690115144,10.32,1.0,st,12.9
25,Tomater f.kr basil,7318690105909,10.0,2.0,st,23.8
25,Vätskeersätt Sport,7318690178941,48.9,1.0,st,48.9
25,Äppellund grönt te,7310760510149,29.9,1.0,st,29.9
26,Banan Chiquita,4011,24.9,0.39,kg,9.59
26,Bärkasse papper,2,3.5,1.0,st,3.5
26,Jordn.smör Creamy,5707381019298,95.9,1.0,st,95.9
26,Kaffe Fikastund BR,7310731101574,39.9,1.0,st,56.9
26,kycklingben,2307124100000,34.9,1.91,kg,66.52
26,Lantmjölk Gammalda,7310867501286,14.9,1.0,st,14.9
26,Levain,7311070008159,42.9,1.0,st,42.9
26,Standardmjölk 3%,7318690115144,10.32,1.0,st,12.9
26,Tagliatell Chicken,7310500184180,49.9,1.0,st,49.9
27,Banan Chiquita,4011,24.9,0.43,kg,10.71
27,Bärkasse papper,2,3.5,1.0,st,3.5
27,Chokladbit Bounty,40111216,3.9,4.0,st,35.6
27,Clovves Chokl/Kola,8711327462915,8.0,2.0,st,16.0
27,Godis Snickers50g,5000159461122,3.9,2.0,st,17.8
27,Godis Twix50g,5000159459228,3.9,4.0,st,35.6
27,Gröna Bilar,7310350134601,10.0,1.0,st,15.9
27,Kycklinginnerfilé,7313940011801,19.9,4.0,st,79.6
27,Nötfärs 12%,2328012800000,79.9,2.02,kg,161.56
27,Standardmjölk 3%,7318690115144,12.9,3.0,st,38.7
27,Tagliatell Chicken,7310500184180,49.9,1.0,st,49.9
27,Tandkr Sens White,8718951312531,17.9,1.0,st,17.9
27,Tomater f.kr basil,7318690105909,10.0,1.0,st,11.9
27,Tomater f.kr vitlö,7318690105923,10.0,1.0,st,11.9
27,Wokgrönsaker,7318690080091,18.9,1.0,st,18.9
28,Banan Chiquita,4011,24.9,0.34,kg,8.34
28,Creme Fraiche,7318690140436,35.9,1.0,st,35.9
28,Hamburgare origin,7318690042198,29.9,1.0,st,29.9
28,Kycklinglårfilé,2307135200000,79.0,0.3,kg,23.7
28,Kycklinglårfilé,2307135200000,79.0,0.3,kg,23.7
28,Kycklinglårfilé,2307135200000,79.0,0.3,kg,23.7
28,Kycklinglårfilé,2307135200000,79.0,0.3,kg,23.7
28,Levain,7311070008159,42.9,1.0,st,42.9
28,Naan Bread Garlic,7311312005878,6.9,1.0,st,6.9
28,Standardmjölk 3%,7318690115144,12.9,1.0,st,12.9
28,Tagliatell Chicken,7310500184180,49.9,1.0,st,49.9
28,Tomater f.kr basil,7318690105909,10.0,2.0,st,23.8
28,Vätskeer Hallon br,73150244,44.9,1.0,st,44.9
29,Am choco pannkakor,8714801410785,10.32,1.0,st,12.9
29,Am choco pannkakor,8714801410785,12.9,1.0,st,12.9
29,Banan Chiquita,4011,25.9,0.34,kg,8.81
29,Bärkasse papper,2,3.5,1.0,st,3.5
29,Flytande Honung,7318690498261,37.9,1.0,st,37.9
29,Grekisk yogh eko,7392672001410,14.9,2.0,st,29.8
29,Jordgubbssylt,7318690146490,20.9,1.0,st,20.9
29,Pizza Capricciosa,7318690144618,34.9,1.0,st,34.9
29,ProV Blåbär,7340073300168,24.9,1.0,st,24.9
29,Standardmjölk 3%,7318690115144,12.9,2.0,st,25.8
29,Tomater f.kr basil,7318690105909,10.0,2.0,st,23.8
30,Banan Chiquita,4011,25.9,0.32,kg,8.16
30,Glasspinne Ban/Car,8711327502611,10.0,1.0,st,10.0
30,Gouda i skivor,7318690081609,106.9,1.0,st,106.9
30,Juice äp/mo/in/ci,7318690502036,19.9,1.0,st,18.9
30,Smör Normalsaltat,7318690052678,55.9,1.0,st,55.9
30,Standardmjölk 3%,7318690115144,12.9,2.0,st,25.8
30,Tomater f.kr basil,7318690105909,10.0,1.0,st,11.9
30,Tomater f.kr vitlö,7318690105923,10.0,1.0,st,11.9
30,Vitlöksbaguette,7318690082552,10.0,1.0,st,10.0
31,Banan Chiquita,4011,25.9,0.8,kg,20.72
31,Bärkasse papper,2,3.5,1.0,st,3.5
31,Chicken sticks,7313940027116,34.9,1.0,st,34.9
31,Energidryck B,5060166694777,11.0,1.0,st,19.9
31,Flankstek vac Sv,2319221800000,117.49,0.75,kg,175.31
31,GamVanilj Hall/Blå,8711327462755,8.0,1.0,st,8.0
31,Gifflar Kanel,7311070006209,17.5,2.0,st,57.8
31,Kokt skinka,7350025545561,12.9,1.0,st,12.9
31,Levain,7311070008159,42.9,1.0,st,42.9
31,Lussekatt,9014,2.9,10.0,st,89.0
31,Mezze Maniche,7350002404546,11.0,1.0,st,19.9
31,Morötter 1kg,7350017802108,7.5,2.0,st,33.8
31,Standardmjölk 3%,7318690115144,12.9,2.0,st,25.8
31,Tortiglioni,7350002404577,11.0,1.0,st,19.9
32,AXA Havregryn,7310130321085,30.9,1.0,st,30.9
32,Banan Chiquita,4011,25.9,0.39,kg,9.97
32,Bärkasse papper,2,3.5,1.0,st,3.5
32,Dipp Sour cream,6408432000003,10.0,1.0,st,10.0
32,Diskmedel original,4015600444419,30.9,1.0,st,30.9
32,ICA Bad&Toa 6-p,7318690046905,36.9,1.0,st,36.9
32,Kvarg Blåbär/Vanil,7392672004039,19.9,2.0,st,39.8
32,Levain,7311070008159,42.9,1.0,st,42.9
32,Milea,8711000537527,55.9,1.0,st,55.9
32,Nötfärs 12%,2319103300000,89.0,1.66,kg,147.92
32,Standardmjölk 3%,7318690115144,12.9,3.0,st,38.7
32,Wettex 4p,7391704800144,19.9,1.0,st,19.9
33,Avfallspåse,7313130180621,17.5,2.0,st,47.8
33,Banan Chiquita,4011,25.9,0.49,kg,12.82
33,Mannerström 2-del,2307122200000,79.9,0.98,kg,78.22
33,Mästerkycklingfilé,2307117800000,89.0,0.91,kg,80.72
33,Standardmjölk 3%,7318690115144,12.9,2.0,st,25.8
33,Tomater krossade,7318690013402,9.0,5.0,st,59.5
34,Banan Chiquita,4011,25.9,0.8,kg,20.59
34,Entrecoté,2372729700000,199.0,0.93,kg,184.67
34,Fiori,7350027794929,11.9,2.0,st,23.8
34,Gainomax apple,7350028548460,11.0,1.0,st,19.9
34,Herrgård 28% mi,2340418100000,99.0,0.66,kg,64.85
34,Jordn.smör Creamy,5707381019298,84.06,1.0,st,98.9
34,Levain,7311070008159,42.9,1.0,st,42.9
34,Majskorn,7318690028819,10.0,2.0,st,33.8
34,Mellanrost Brygg,7310050001142,36.9,1.0,st,50.9
34,Paprika Röd,4688,32.9,0.55,kg,17.93
34,Standardmjölk 3%,7318690115144,12.9,2.0,st,25.8
34,Syrad rödkål,7393853141109,39.9,1.0,st,39.9
35,Bilar Original,7310350109906,10.0,3.0,st,50.7
35,Bärkasse papper,2,3.5,1.0,st,3.5
35,Energidryck Ultra,5060335635716,11.0,2.0,st,20.0
35,Kalvstek,2320763300000,139.0,0.96,kg,133.86
35,Olivolja Classico,80053828,36.9,1.0,st,59.9
35,Standardmjölk 3%,7318690115144,12.9,1.0,st,12.9
35,Vit choklad Hallon,7312060502152,11.0,1.0,st,11.0
36,Bärkasse papper,2,3.5,1.0,st,3.5
36,Chicken & Steak Kv,7311310026745,25.0,1.0,st,52.9
36,Chili Explos. Kv,7311310026752,25.0,1.0,st,52.9
36,Creme Fraiche,7318690140436,37.9,1.0,st,37.9
36,Finmald Lammfärs,7318690131175,49.9,2.0,st,99.8
36,Finsalt m jod burk,7311631524128,12.9,1.0,st,12.9
36,Fiori,7350027794929,11.9,2.0,st,23.8
36,Färskkorv Chorizo,7300209458002,34.9,1.0,st,34.9
36,Mannerström 2-del,2307122200000,99.0,0.97,kg,96.03
36,Mannerström 2-del,2307122200000,99.0,1.0,kg,98.8
36,Standardmjölk 3%,7318690115144,12.9,1.0,st,12.9
36,Syrad rödkål,7393853141109,39.9,1.0,st,39.9
36,Tellicherry Peppar,7311310026806,19.0,1.0,st,52.9
36,Tu majsk Chia/havs,7350028543762,13.0,3.0,st,74.7
37,Banan Chiquita,4011,25.9,1.15,kg,29.79
37,Bärkasse papper,2,3.5,1.0,st,3.5
37,Jasminris,7310751101066,54.5,2.0,st,127.8
37,Majslårfilé 8-pack,2307139100000,89.0,0.68,kg,60.43
37,Majslårfilé 8-pack,2307139100000,89.0,0.68,kg,60.34
37,Mezzi Rigatoni Al,8076809580861,11.0,2.0,st,45.8
37,Morot,7350036730031,10.0,1.0,st,10.0
37,Nötfärs 12%,2319103300000,89.0,1.68,kg,149.88
37,Standardmjölk 3%,7318690115144,13.9,1.0,st,13.9
37,Syrad Borsjtj,7393853161107,39.9,1.0,st,39.9
37,Ärter med fläsk,7318690058939,11.9,2.0,st,23.8
38,Banan Chiquita,4011,25.9,0.88,kg,22.66
38,Cookies,7622300336738,12.5,2.0,st,45.8
38,Levain,7311070008159,42.9,1.0,st,42.9
38,Standardmjölk 3%,7318690115144,13.9,3.0,st,41.7
38,Tomte Pepparkakshu,7312690201296,16.9,1.0,st,16.9
38,Ärter med fläsk,7318690058939,11.9,3.0,st,35.7
39,Banan Chiquita,4011,25.9,0.18,kg,4.66
39,Gourm Hamburgerbr,7311070008180,34.9,1.0,st,34.9
39,Hamburgare chili,7318690099871,24.9,1.0,st,24.9
39,ICA Bad&Toa 6-p,7318690046905,39.9,1.0,st,39.9
39,Lök röd,4082,17.9,0.14,kg,2.6
39,Risgrynsgröt,7318690093084,12.9,1.0,st,12.9
39,Smör normalsaltat,6408432061233,52.9,1.0,st,52.9
39,Standardmjölk 3%,7318690115144,13.9,2.0,st,27.8
39,Vätskeer Apels bru,73150220,44.9,1.0,st,44.9
39,Ärter med fläsk,7318690058939,11.9,1.0,st,11.9
40,chokladcroissant,9033,8.33,1.0,st,8.9
40,Entrecote,2357611800000,139.0,1.08,kg,149.56
40,Estellefläta,9035,8.33,1.0,st,8.9
40,Potatis mjölig,7318690186137,10.0,2.0,st,20.0
40,Risgrynsgröt,7318690093084,12.9,1.0,st,12.9
40,Wienerbröd,9007,8.34,1.0,st,8.9
40,Ärter med fläsk,7318690058939,11.9,1.0,st,11.9
41,Banan Chiquita,4011,25.9,0.8,kg,20.72
41,Blåbär odlade,7318690128847,36.9,1.0,st,36.9
41,Fläckbort white go,5701092111067,72.9,1.0,st,72.9
41,Gourm Hamburgerbr,7311070008180,34.9,1.0,st,34.9
41,Granarolo,2385034200000,139.0,0.81,kg,112.03
41,Gul lök ICA,4666,12.9,0.07,kg,0.9
41,Hamburgare Bacon,7318690046097,24.9,1.0,st,24.9
41,Havregryn,7318690034308,26.9,1.0,st,26.9
41,Kulörtvätt,7318690101154,13.9,1.0,st,13.9
41,Lök röd,4082,17.9,0.09,kg,1.52
41,Ringmunk,9010,8.33,3.0,st,26.7
41,Risgrynsgröt,7318690093084,12.9,2.0,st,25.8
41,Standardmjölk 3%,7318690115144,13.9,2.0,st,27.8
41,Vittvätt pulver,7318690101185,13.9,1.0,st,13.9
41,Äggnudlar,7318690038559,10.0,3.0,st,44.7
42,Banan Chiquita,4011,25.9,0.9,kg,23.31
42,Gul lök ICA,4666,12.9,0.09,kg,1.1
42,Lök vit Morado ICA,3264,12.9,1.0,st,12.9
42,Majslårfilé 8-pack,2307139100000,79.9,0.82,kg,65.28
42,Majslårfilé 8-pack,2307139100000,79.9,0.74,kg,59.05
42,Paprika Röd,4688,52.9,0.27,kg,14.28
42,Topped SaltCaramBr,8711327370753,39.9,2.0,st,79.8
42,Ägg 15-pack frigåe,7392964158938,42.9,1.0,st,42.9
43,Gul lök ICA,4666,12.9,0.44,kg,5.68
43,Handtvål mandelblo,7318690081678,11.9,1.0,st,11.9
43,Jordn.smör Creamy,5707381019298,84.06,1.0,st,98.9
43,Levain,7311070008159,42.9,1.0,st,42.9
43,Oyster Sauce,7311312005298,24.9,1.0,st,24.9
43,Standardmjölk 3%,7318690115144,13.9,2.0,st,27.8
43,Strimlad lårfile,7313940012907,49.9,3.0,st,149.7
44,AVOKADO I NÄT,8713807005636,35.0,1.0,st,35.0
44,Banan Chiquita,4011,26.9,0.66,kg,17.75
44,Juice äp/kiw/an/sp,7318690502050,20.9,1.0,st,19.9
44,Majsinnerfilé,7313940011856,49.9,2.0,st,99.8
44,Standardmjölk 3%,7318690115144,13.9,1.0,st,13.9
44,Tomater,4806,23.9,0.54,kg,12.91
44,Zero Lime,5000112654400,12.0,1.0,st,10.0
44,Ägg frig xtra stor,7310063743091,24.9,1.0,st,24.9
44,Ärter m fläsk Feli,7310090752691,10.9,2.0,st,21.8
45,Banan Chiquita,4011,26.9,0.93,kg,24.88
45,ICA God Ostkaka,7318690107071,19.9,2.0,st,83.8
45,Kvarg Hallon,7310867548656,19.9,1.0,st,19.9
45,Kycklinglårfilé,2307136100000,69.9,0.91,kg,63.54
45,Kycklinglårfilé,2307136100000,69.9,0.88,kg,61.58
45,Levain,7311070008159,42.9,1.0,st,42.9
45,Lussekatt,9014,8.33,3.0,st,26.7
45,Paprika,7318690054740,14.0,1.0,st,14.0
45,Standardmjölk 3%,7318690115144,13.9,2.0,st,27.8
45,Stekspade,7332462077270,49.9,1.0,st,49.9
45,Ungnötslever ICA,2319151000000,15.9,0.39,kg,6.17
45,Ägg 6p Eko/Krav L,7318690013556,16.9,2.0,st,33.8
46,Am choco pannkakor,8714801410785,14.9,2.0,st,29.8
46,AVOKADO I NÄT,20462062,35.0,1.0,st,35.0
46,Babyplommontomater,6111258213655,10.0,1.0,st,10.0
46,Bacon ojämna skivor,2354861600000,24.9,0.78,kg,19.5
46,Banan Chiquita,4011,26.9,0.4,kg,10.76
46,Champinjoner i ask,5903424662029,15.0,1.0,st,15.0
46,Classic Svea Elbry,7310760012919,65.9,1.0,st,65.9
46,Cola Läsk Cherry,5000112637991,10.0,2.0,st,19.8
46,Färskost Naturell,8719200191624,15.0,1.0,st,15.0
46,Paprika,7318690054740,14.0,1.0,st,14.0
46,Standardmjölk 3%,7318690115144,13.9,2.0,st,27.8
46,strimlad kyckling,7313940012679,49.9,2.0,st,99.8
46,Ägg 15-pack frigåe,7392964158938,42.9,1.0,st,42.9
46,Ört te-Kvällsro,7310186023551,20.9,1.0,st,20.9
47,Banan Chiquita,4011,26.9,0.41,kg,11.03
47,Brago original,7310521053106,7.5,2.0,st,35.8
47,Bratwurst,7340063010404,24.9,1.0,st,24.9
47,Cola Läsk Cherry,5000112637991,10.0,2.0,st,19.8
47,Creme Fraiche,7318690140436,37.9,1.0,st,37.9
47,Fettuccine tomat,7318690185567,10.0,2.0,st,20.0
47,Flingsalt m Jod,7311631530006,38.9,1.0,st,38.9
47,Körsbärstomat,7318690143697,14.9,1.0,st,14.9
47,Levain,7311070008159,42.9,1.0,st,42.9
47,Nescafe Original,7613032873691,44.9,1.0,st,44.9
47,Rysk yoghurt 17%.,7392672000468,14.9,1.0,st,14.9
47,Standardmjölk 3%,7318690115144,13.9,2.0,st,27.8
47,Sweet chili kyckl.,7313940012617,49.9,2.0,st,99.8
47,Tvål Tall Ringblom,7310610018078,10.0,1.0,st,21.9
47,Vetelängder,9013,27.9,1.0,st,27.9
47,Vitlök 250g,6917986800675,15.0,1.0,st,15.0
47,Ägg 6p Eko/Krav L,7318690013556,14.9,1.0,st,14.9
47,Äppelmos,7318690185369,11.0,1.0,st,11.0
48,Apot Julmust 1.4l,7310070151209,12.0,1.0,st,16.9
48,Apot Julmust L 1.4,7310070151308,12.0,1.0,st,16.9
48,Banan Chiquita,4011,26.9,0.7,kg,18.96
48,Bärkasse papper,2,3.5,1.0,st,3.5
48,Delichips Cheddar,7340005406029,10.0,1.0,st,25.9
48,ICA Bad&Toa 6-p,7318690046905,39.9,1.0,st,39.9
48,Kristyr rosa,5701073064139,10.0,1.0,st,10.0
48,Kristyr vit,5701073064122,10.0,1.0,st,10.0
48,Levain,7311070008159,42.9,1.0,st,42.9
48,Munkar,9020,8.33,6.0,st,53.4
48,Pepparkakshus,7312220235630,29.9,1.0,st,29.9
48,Risgröt Felix,7310090755692,8.33,3.0,st,41.7
48,Standardmjölk 3%,7318690115144,13.9,2.0,st,27.8
49,Apot Julmust 1.4l,7310070151209,12.0,2.0,st,33.8
49,Bärkasse papper,2,3.5,1.0,st,3.5
49,Finmald Lammfärs,7318690131175,49.9,2.0,st,99.8
49,Guacamole topping,7318690491279,20.0,2.0,st,45.8
49,Gul lök ICA,4666,12.9,0.19,kg,2.45
49,Gurka styck,3254,15.9,1.0,st,15.9
49,ICA Vetetortillas,7318690035879,11.0,1.0,st,15.9
49,Lök röd,4082,15.9,0.12,kg,1.99
49,Majskorn,7318690028819,14.0,2.0,st,33.8
49,Paprika Orange,4682,62.9,0.41,kg,26.1
49,Paprika Röd,4688,66.9,0.2,kg,13.38
49,Riven ost,7318690117261,48.9,1.0,st,48.9
49,Tacoskal 12 st,7318690035862,14.9,1.0,st,14.9
49,Taco Spice Mix,7311310031039,19.9,1.0,st,19.9
49,Tacosås medium,7318690069348,11.0,1.0,st,13.9
49,Tacosås mild,7318690069331,11.0,1.0,st,13.9
50,Babyplommontomater,6111258213655,10.0,1.0,st,10.0
50,Farmers Brazil,8711000678657,39.9,1.0,st,62.9
50,Fettuccine naturel,7318690185536,10.0,3.0,st,30.0
50,Kvarg Blåbär/Vanil,7392672004039,19.9,1.0,st,19.9
50,Minichorizo Hot,7318690146858,22.9,1.0,st,22.9
50,Prinskorv jul Scan,7300207702008,34.9,1.0,st,34.9
50,Risgröt Felix,7310090755692,8.33,3.0,st,41.7
50,Rostbiff i bit,2320751300000,129.0,1.07,kg,137.51
50,Tabasco vitlök,11210007253,29.9,1.0,st,29.9
50,Tjock grillkorv,7300207769001,12.9,1.0,st,12.9
50,Tomatpuré trippel,80042525,21.9,1.0,st,21.9
50,Ägg 15-pack 750 g,7392964157436,19.9,1.0,st,19.9
51,Apot Julmust L 1.4,7310070151308,12.0,1.0,st,16.9
51,AVOKADO I NÄT,20462062,35.0,1.0,st,35.0
51,Babyplommontomater,6111258213655,10.0,1.0,st,10.0
51,Banan Chiquita,4011,26.9,0.33,kg,8.74
51,Coca-Cola Zero 4p,5449000137494,47.9,1.0,st,73.9
51,Energy Drink sf,9002490215415,9.0,2.0,st,33.8
51,Friggs Ört-Te 25p,7310186023650,20.9,1.0,st,20.9
51,ICA Mat&kök 4-p,7318690069133,37.9,1.0,st,37.9
51,Standardmjölk 3%,7318690115144,13.9,2.0,st,27.8
52,Am choco pannkakor,8714801410785,10.0,2.0,st,20.0
52,Banan Chiquita,4011,26.9,0.62,kg,16.81
52,Champinjoner i ask,5903424662029,15.0,1.0,st,15.0
52,Gourm Hamburgerbr,7311070008180,34.9,1.0,st,34.9
52,Gul lök ICA,4666,12.9,0.11,kg,1.42
52,Kaffefilt vita 1x4,7318690164333,12.5,2.0,st,31.8
52,Kartong Monst shot,9900,71.9,1.0,st,59.9
52,Levain,7311070008159,20.0,1.0,st,42.9
52,Mannerström 2-del,2307122200000,79.0,0.84,kg,66.2
52,Mannerström 2-del,2307122200000,79.0,0.73,kg,57.67
52,Nötfärs 12%,2319103300000,79.9,1.67,kg,133.11
52,Ägg M/L,7318690106593,16.9,1.0,st,16.9
53,Babyplommontomater,6111258213655,12.9,1.0,st,12.9
53,Banan Chiquita,4011,22.9,1.15,kg,26.34
53,Lammkorv,7340063013702,34.9,1.0,st,34.9
53,Levain,7311070008159,42.9,1.0,st,42.9
53,Lime,4048,2.0,5.0,st,39.5
53,Nötfärs 12%,7318690161981,49.9,2.0,st,99.8
53,Ryggbiff mörmarin.,2319312200000,139.0,0.71,kg,98.55
53,Standardmjölk 3%,7318690115144,13.9,1.0,st,13.9
53,Ägg 15-pack frigåe,7392964158938,42.9,1.0,st,42.9
54,Coconutterly Cara,8711327374607,29.9,1.0,st,29.9
54,Hamburgare 180g,7310960042716,15.0,1.0,st,15.0
54,Körsbärstomat i ask,6111259870055,10.0,1.0,st,10.0
54,Lammkorv,7350037195150,24.9,1.0,st,24.9
54,Minutbiff,2319261200000,119.0,0.55,kg,65.45
54,Morot,7350036730031,10.0,1.0,st,10.0
54,Muffins,9011,10.0,2.0,st,23.8
54,Potatis fast,4834,14.9,1.21,kg,17.95
54,Standardmjölk 3%,7318690115144,13.9,1.0,st,13.9
54,Ärter m fläsk Feli,7310090752691,10.9,3.0,st,32.7
55,Babyplommontomater,6111258213655,10.0,1.0,st,10.0
55,Banan Chiquita,4011,22.9,1.01,kg,23.13
55,Delicatoboll 6-p,7315360061503,13.0,2.0,st,49.8
55,Dove Tvål 500ml,4000388179004,11.0,1.0,st,29.9
55,Entrecôte,2330071900000,159.0,0.43,kg,68.05
55,Kvarg Hallon,7310867548656,19.9,2.0,st,39.8
55,Nötfärs 20%,2328010100000,79.0,1.02,kg,80.58
55,Olivolja classico,7350002400333,49.9,1.0,st,49.9
55,Paprika Röd,4688,61.9,0.26,kg,15.78
55,Standardmjölk 3%,7318690115144,13.9,1.0,st,13.9
55,Teriyaki Sauce,7311310035341,16.9,1.0,st,41.9
56,Banan Chiquita,4011,24.9,0.86,kg,21.54
56,Bärkasse papper,2,3.5,1.0,st,3.5
56,Champinjoner i ask,5903240555017,15.0,1.0,st,15.0
56,Frigående M-L,7310060005154,34.9,1.0,st,34.9
56,Glass Sandwich 6-p,8722700132523,34.9,1.0,st,34.9
56,ICA Bad&Toa 6-p,7318690046905,41.9,1.0,st,41.9
56,Jordn.smör Creamy,5707381019298,89.16,1.0,st,104.9
56,Kulörtvätt,7318690101154,13.9,1.0,st,13.9
56,Lantmjölk Gammalda,7310867501286,14.9,1.0,st,14.9
56,Levain,7311070008159,24.9,1.0,st,42.9
56,Nötfärs,7300300037793,42.9,3.0,st,128.7
56,Pannkakor,7318690166771,19.9,1.0,st,28.9
56,Paprika Röd,4688,69.9,0.23,kg,15.73
56,Smör Normalsaltat,7318690052678,50.0,1.0,st,58.9
56,Standardmjölk 3%,7318690115144,13.9,1.0,st,13.9
56,Taco kryddmix,7318690136170,6.67,3.0,st,29.7
57,Banan Chiquita,4011,10.0,0.5,kg,5.0
57,Basmati ris,7318690081173,55.9,1.0,st,55.9
57,Bärkasse papper,2,3.5,1.0,st,3.5
57,Champinjoner i ask,5903424662029,15.0,1.0,st,15.0
57,Gourm Hamburgerbr,7311070008180,34.9,1.0,st,34.9
57,Gul lök ICA,4666,12.9,0.28,kg,3.61
57,Kvarg Hallon,7310867548656,22.0,1.0,st,22.0
57,Levain,7311070008159,24.9,1.0,st,42.9
57,Lök röd,4082,17.9,0.12,kg,2.15
57,Nötstek nätad,2372723500000,119.0,1.14,kg,135.42
57,Olivolja Novello,7350002405192,59.9,1.0,st,59.9
57,Pannkakor,7318690166771,19.9,2.0,st,57.8
57,Paprika Röd,4688,49.9,0.23,kg,11.73
57,Standardmjölk 3%,7318690115144,13.9,1.0,st,13.9
57,Vitlök nät,6970373280030,12.0,1.0,st,12.0
57,Ärter med fläsk,7318690058939,12.9,2.0,st,25.8
58,B-Fransyska skin,2320019600000,119.0,1.47,kg,174.57
58,Bärkasse papper,2,3.5,1.0,st,3.5
58,Citron ICA,3182,5.0,2.0,st,15.8
58,Hushållsost 26%,2340375300000,116.9,2.11,kg,246.19
58,Jasminris,7310751101066,54.5,2.0,st,127.8
58,Kikärtor,7318690050919,10.0,3.0,st,38.7
58,Mozzarella,7318690079873,7.9,4.0,st,31.6
58,Paprika Röd,4688,49.9,0.4,kg,19.96
58,Protein Bar Bluebe,7310861040859,8.9,10.0,st,219.0
58,Roslagsgrill chili,7340063016451,39.9,1.0,st,39.9
58,Standardmjölk 3%,7318690115144,13.9,2.0,st,27.8
59,Banan Chiquita,4011,24.9,0.81,kg,20.17
59,Creme Fraiche,7318690140436,37.9,1.0,st,37.9
59,Friggs Ört-Te 25p,7310186023650,20.9,1.0,st,20.9
59,Gul lök ICA,4666,12.9,0.26,kg,3.35
59,Iskaffe Latte,4100290025083,12.9,1.0,st,12.9
59,Kycklingfile skiv,2307111100000,89.0,0.89,kg,78.94
59,Standardmjölk 3%,7318690115144,13.9,1.0,st,13.9
59,Tomater krossade,7318690013402,10.0,2.0,st,27.8
59,Tomater passerade,7318690013419,10.0,1.0,st,11.9
59,Vätskeers Sv vinb,73150237,43.9,1.0,st,43.9
59,Vätskeersätt Sport,7318690178941,48.9,1.0,st,48.9
60,Bakpotatis,7318690176176,19.9,1.0,st,19.9
60,Banan Chiquita,4011,24.9,1.24,kg,30.75
60,Blueberry Lemonade,7350126085744,16.0,1.0,st,28.9
60,Bärkasse papper,2,3.5,1.0,st,3.5
60,Citron ICA,3182,5.0,2.0,st,15.8
60,Coke Creation,5449000018427,13.9,1.0,st,12.9
60,Colgate Tandb 1p,8714789584294,19.9,1.0,st,19.9
60,Gammald Idealmakar,7310130003561,29.9,1.0,st,29.9
60,Grillkorv tjock 4p,7300300045835,24.9,1.0,st,24.9
60,Havregryn,7317731115389,12.9,1.0,st,26.9
60,Kycklsteak ti/sv/c,2332762600000,69.9,0.96,kg,67.45
60,Kycklsteak ti/sv/c,2332762600000,69.9,0.93,kg,65.01
60,Morot,7318690046790,7.9,1.0,st,12.9
60,Nitrilhandske L,7313134042987,28.9,1.0,st,28.9
60,Nötstek fransyska,2320272100000,99.0,1.43,kg,141.97
60,Orig näsduk boks,5029053579160,20.9,1.0,st,20.9
60,Penne Rigate,7318690028369,10.0,2.0,st,31.8
60,Snickersglass,5000159541336,29.9,1.0,st,29.9
60,Standardmjölk 3%,7318690115144,13.9,1.0,st,13.9
60,Sv kallpress äpple,7318690505327,18.9,1.0,st,17.9
60,Syrad rödkål,7393853141109,39.9,1.0,st,39.9
61,Banan Chiquita,4011,24.9,0.46,kg,11.45
61,Basilika eko,7331374151016,24.9,1.0,st,24.9
61,Bärkasse papper,2,3.5,1.0,st,3.5
61,Champinjoner i ask,5903240555017,15.0,1.0,st,15.0
61,Creme Fraiche,7318690140436,37.9,1.0,st,37.9
61,Grekisk yoghurt,7310861000099,25.9,1.0,st,25.9
61,Gul lök ICA,4666,12.9,0.32,kg,4.13
61,Havregryn,7318690034308,26.9,1.0,st,26.9
61,Levain,7311070008159,39.9,1.0,st,39.9
61,Mellanrost Brygg,7310050001142,34.9,1.0,st,47.9
61,Roslagsgrill storpa,7340063016307,59.9,1.0,st,59.9
61,Snickersglass,5000159541336,29.9,1.0,st,29.9
61,Standardmjölk 3%,7318690115144,13.9,3.0,st,41.7
61,Tagliatell Chicken,7310500184180,59.9,1.0,st,59.9
61,Valnötskärnor,7318690052036,39.9,1.0,st,39.9
62,Banan Chiquita,4011,24.9,0.41,kg,10.33
62,Chili cheese nugge,7350004661480,35.9,1.0,st,35.9
62,Diskmedel original,4015600444419,38.9,1.0,st,38.9
62,Gul lök ICA,4666,12.9,0.42,kg,5.42
62,Jordn.smör Creamy,5707381019298,113.9,1.0,st,113.9
62,Nötfärs 12%,7318690161981,49.9,1.0,st,49.9
62,Roslagsgrill storpa,7340063016307,59.9,1.0,st,59.9
62,Tomatpure tub,7318690031598,15.0,2.0,st,41.8
63,Banan Chiquita,4011,24.9,0.7,kg,17.55
63,Chili cheese nugge,7350004661480,35.9,1.0,st,35.9
63,Citron ICA,3182,5.0,4.0,st,31.6
63,Delicatoboll 6-p,7315360061503,12.5,2.0,st,49.8
63,Fläskytterfilé,2319124000000,69.0,0.81,kg,55.82
63,Handtvål Aqua Fres,7318690081661,11.9,1.0,st,11.9
63,ICA Bad&Toa 6-p,7318690046905,41.9,1.0,st,41.9
63,Mozzarella,7318690079873,13.9,2.0,st,27.8
63,Ojämna bacon skivor,2354875800000,39.9,0.55,kg,22.06
63,Powerade Mountain,54492653,11.0,1.0,st,10.0
63,Roslagsgrill storpa,7340063016307,59.9,1.0,st,59.9
63,Smått & gott potati,7332205300108,12.0,1.0,st,12.0
63,Standardmjölk 3%,7318690115144,13.9,2.0,st,27.8
64,Apotek. Påskmust,7310070154101,18.9,1.0,st,16.9
64,Banan Chiquita,4011,24.9,0.62,kg,15.56
64,Blåbärspaj,7310890201191,38.9,1.0,st,38.9
64,Bubbies,9293,17.5,2.0,st,39.8
64,Bärkasse papper,2,3.5,1.0,st,3.5
64,Levain,7311070008159,39.9,1.0,st,39.9
64,Nivea Rakgel 200ml,4005808222933,39.9,1.0,st,39.9
64,Pannkakor,7318690166771,12.0,1.0,st,12.0
64,Standardmjölk 3%,7318690115144,13.9,2.0,st,27.8
65,Bärkasse papper,2,3.5,1.0,st,3.5
65,Cheesy Burger,7340005406524,21.7,1.0,st,30.9
65,Hoisinsås,7318690504078,30.9,1.0,st,30.9
65,Mezze Maniche,7350002404546,20.9,1.0,st,20.9
65,Minivårrullar,7350011740178,49.9,1.0,st,49.9
65,Olivolja classico,7350002400333,49.9,1.0,st,49.9
65,Pecorino Riven,7350002403761,37.9,1.0,st,37.9
65,Pepsi Max 1.5l,7310070382306,23.9,1.0,st,21.9
65,Ricotta,7350027791850,25.9,1.0,st,25.9
65,sals färs,7340012500536,49.9,1.0,st,49.9
65,Schalottenlök,4662,41.9,0.12,kg,5.03
65,Super cheez onion,7340005406579,20.3,1.0,st,28.9
66,Banan Chiquita,4011,24.9,0.81,kg,20.17
66,Bullar,9009,8.33,3.0,st,29.7
66,Bärkasse papper,2,3.5,1.0,st,3.5
66,Creme Fraiche,7318690140436,37.9,1.0,st,37.9
66,Grekisk yoghurt,7310861000099,25.9,1.0,st,25.9
66,ICA Tagliatelle,7318690144373,19.9,1.0,st,19.9
66,Levain,7311070008159,39.9,1.0,st,39.9
66,Mannerström 2-del,2307122200000,89.0,1.08,kg,95.76
66,Mannerström 2-del,2307122200000,89.0,1.14,kg,101.55
66,Morot nyskördade,7318693325106,10.0,1.0,st,16.9
66,Paprika Gul,4680,59.9,0.28,kg,17.07
66,Smått & gott potati,7332205300108,12.0,2.0,st,24.0
66,Standardmjölk 3%,7318690115144,13.9,2.0,st,27.8
66,Äggnudlar,7318690038559,10.0,3.0,st,44.7
67,Banan Chiquita,4011,19.9,0.49,kg,9.85
67,Chili cheese nugge,7350004661480,35.9,1.0,st,35.9
67,Citron ICA,3182,5.0,2.0,st,13.8
67,Fettuccine tomat,7318690185567,10.0,2.0,st,20.0
67,Grillkorv,7340063012606,34.9,1.0,st,34.9
67,Hushållsost 26%,2340375300000,116.9,2.17,kg,253.21
67,Kulörtvätt,7318690101154,11.12,1.0,st,13.9
67,Levain,7311070008159,39.9,1.0,st,39.9
67,Mozzarella,7350027795520,11.9,1.0,st,19.9
67,Olivolja classico,7350002400333,44.9,1.0,st,49.9
67,Standardmjölk 3%,7318690115144,13.9,3.0,st,41.7
68,Banan Chiquita,4011,24.9,0.67,kg,16.68
68,Blåbärspaj,7310890201191,38.9,1.0,st,38.9
68,Choco Crunch,7310520011770,10.0,1.0,st,24.9
68,Fransyska i bit,2372722300000,129.0,0.78,kg,100.62
68,Färskost Naturell,8719200191624,10.0,1.0,st,10.0
68,ICA Bad&Toa 6-p,7318690046905,40.9,1.0,st,40.9
68,Mini Snäcka,7311070006315,14.9,1.0,st,34.9
68,Mozzarella,7350027795520,6.9,1.0,st,19.9
68,Rökt skinka,7350025545554,12.9,1.0,st,22.9
68,Smash påse,7310520006851,10.0,1.0,st,24.9
68,X-tra allt Cheesy,7350126083191,12.5,2.0,st,41.8
69,Cola Zero 2l,5449000131843,17.0,1.0,st,27.9
69,Fransyska i bit,2372722300000,129.0,1.05,kg,135.71
69,Juice äpp/cit/ing,7318690502029,20.9,1.0,st,19.9
69,Levain,7311070008159,39.9,1.0,st,39.9
69,Paj Kyckl&Broccol,7318690508007,19.9,1.0,st,19.9
69,Standardmjölk 3%,7318690115144,13.9,1.0,st,13.9
69,Ärter m fläsk Feli,7310090752691,11.9,2.0,st,23.8
70,Banan Chiquita,4011,24.9,0.69,kg,17.06
70,Basilika eko,7331374151016,22.9,1.0,st,22.9
70,Bistro Brioche Hot,7311379532287,37.9,1.0,st,37.9
70,Blåbärspaj,7310890201191,38.9,1.0,st,38.9
70,Bärkasse papper,2,3.5,1.0,st,3.5
70,chokladcroissant,9033,8.33,1.0,st,8.9
70,Citron ICA,3182,5.0,2.0,st,13.8
70,Flytande tvål Milk,8718951197046,12.5,1.0,st,21.9
70,Flyt Tvål Milk & H,8718951197060,12.5,1.0,st,21.9
70,Fransyska i bit,2372722300000,129.0,0.62,kg,79.72
70,Grana Padano 12mån,7318690127109,58.9,1.0,st,58.9
70,Gul lök ICA,4666,13.9,0.34,kg,4.73
70,Müsli Frukt & Bär,7310130012587,14.9,1.0,st,25.9
70,maple pecan,9008,8.34,2.0,st,17.8
70,Olivolja Novello,7350002405192,64.9,1.0,st,64.9
70,Papa,7350037193767,29.9,2.0,st,59.8
70,Standardmjölk 3%,7318690115144,13.9,1.0,st,13.9
70,Turkisk matyog 10%,7310865078353,29.9,1.0,st,29.9
70,Ärter m fläsk ICA,7318690037552,9.9,2.0,st,19.8
71,Cola Zero 2l,5449000131843,29.9,1.0,st,27.9
71,Colgate Tandb 1p,5000209216511,19.9,1.0,st,19.9
71,Kaffe Fikastund BR,7310731101574,39.9,1.0,st,39.9
71,Kexchoklad 8-pack,7310350118359,39.9,1.0,st,58.9
71,Standardmjölk 3%,7318690115144,13.9,1.0,st,13.9
71,Str bröstfilé ci&v,7313940012921,49.9,2.0,st,99.8
71,Strumpa 43/47,7312599044529,10.0,1.0,st,10.0
71,Tu majsk Chia/havs,7350028543762,15.0,2.0,st,57.8
72,Banan Chiquita,4011,24.9,1.5,kg,37.47
72,basilka,7313307801564,15.0,1.0,st,15.0
72,Entrecoté,2386136000000,129.0,1.43,kg,184.47
72,Kexchoklad 8-pack,7310350118359,39.9,1.0,st,58.9
72,Kycklårfilé strim,7313940012600,49.9,2.0,st,99.8
72,Levain,7311070008159,39.9,1.0,st,39.9
72,Läsk Zero,7310401047430,6.0,2.0,st,10.0
72,Närvärpt ägg 30-pck,7350078576314,59.9,1.0,st,59.9
72,Ärter m fläsk ICA,7318690037552,9.9,2.0,st,19.8
73,Banan fairtrade,93250,23.9,0.69,kg,16.61
73,Basmatiris,7318690482222,91.9,1.0,st,91.9
73,Bärkasse papper,2,3.5,1.0,st,3.5
73,ChokladBrownie,7312690207571,19.9,1.0,st,19.9
73,Citron ICA,3182,5.0,2.0,st,13.8
73,Levain,7311070008159,39.9,1.0,st,39.9
73,Mar tvådelad grill,2307125100000,89.0,0.8,kg,70.93
73,Mar tvådelad grill,2307125100000,89.0,0.87,kg,77.16
73,Ravioli 4 ostar,7318690490012,19.9,1.0,st,19.9
73,Ravioli gorgonzola,7318690505198,19.9,2.0,st,39.8
73,Ravioli svamp,7318690490005,19.9,1.0,st,19.9
73,Riven ost,7318690117261,50.9,1.0,st,50.9
73,Standardmjölk 3%,7318690115144,13.9,2.0,st,27.8
73,Tort soltor tomat,7318690490081,19.9,1.0,st,19.9
73,Turkisk matyog 10%,7310865078353,29.9,1.0,st,29.9
73,Tzatziki,7310867524001,19.9,1.0,st,19.9
74,Banan Chiquita,4011,24.9,0.34,kg,8.47
74,CocaCola Zero150cl,5449000133335,14.5,2.0,st,47.8
74,Gifflar Kanel,7311070006209,19.9,1.0,st,30.9
74,Godis Snickers50g,5000159461122,3.99,5.0,st,44.5
74,Godis Twix50g,5000159459228,3.99,5.0,st,44.5
74,Havregryn,7318690034308,23.9,1.0,st,23.9
74,Kulörtvätt,7318690101154,13.9,1.0,st,13.9
74,Plättar,6407850056661,21.45,1.0,st,42.9
74,Rostbiff bit nöt,2320263500000,129.0,1.07,kg,137.9
74,Standardmjölk 3%,7318690115144,13.9,1.0,st,13.9
75,CocaCola Zero150cl,5449000133335,14.5,2.0,st,47.8
75,Gifflar Kanel,7311070006209,19.9,1.0,st,30.9
75,Grillkorv,7340063012606,29.9,1.0,st,29.9
75,Korvbröd 8-pack,7311372193249,16.9,1.0,st,31.9
76,Banan Chiquita,4011,24.9,0.53,kg,13.2
76,Bikarbonatpasta,7331642042909,19.9,1.0,st,19.9
76,Citron ICA,3182,5.0,2.0,st,13.8
76,Kebabspett,7318690002109,34.9,1.0,st,34.9
76,Levain,7311070008159,39.9,1.0,st,39.9
76,Närvärpt ägg 30-pck,7350078576314,59.9,1.0,st,59.9
76,Standardmjölk 3%,7318690115144,12.9,2.0,st,25.8
76,Syrad rödkål,7393853141109,39.9,1.0,st,39.9
76,Tagliatell Chicken,7310500184180,59.9,1.0,st,59.9
76,Tortell ost/skinka,7318690490029,16.9,2.0,st,33.8
76,Vitlöks salami,7350025544502,19.9,1.0,st,30.9
77,Energy Drink sf,9002490215415,15.0,2.0,st,33.8
77,ICA Bad&Toa 6-p,7318690046905,40.9,1.0,st,40.9
77,Kyckling BBQ skiv,7318690508663,19.9,1.0,st,19.9
77,Smör Normalsaltat,7318690052678,51.9,1.0,st,51.9
78,Bärkasse papper,2,3.5,1.0,st,3.5
78,Kycklingbuljong,7318690142010,17.9,1.0,st,17.9
78,LCF Parm/Vitl 14%,7310865072771,20.9,1.0,st,20.9
78,Lök vit Morado ICA,3264,12.9,1.0,st,12.9
78,Pucko Chokladpudd,4100290025885,8.0,1.0,st,13.0
78,Små & fina filéer,2332809000000,156.0,0.65,kg,101.09
78,Vispgrädde 36 %,7318690140382,18.9,1.0,st,18.9
79,Banan Chiquita,4011,24.9,0.23,kg,5.85
79,Chicken sticks,7313940027116,49.9,1.0,st,49.9
79,Citron ICA,3182,5.0,1.0,st,5.0
79,Finmald Kalvfärs,7318690131298,49.9,2.0,st,99.8
79,Grekisk Yoghurt,7350056793023,34.9,1.0,st,34.9
79,Gurka styck,3254,9.9,1.0,st,9.9
79,Hönö Jollekaka,7311070003567,19.9,1.0,st,30.9
79,ICA Mat&kök 4-p,7318690069133,37.9,1.0,st,37.9
79,Kalkonbröst xrökt,7331044075918,16.9,1.0,st,16.9
79,Standardmjölk 3%,7318690115144,12.9,1.0,st,12.9
79,Tortilla Original,7311311025686,16.9,1.0,st,16.9
79,Vitlöks salami,7350025544502,19.9,1.0,st,30.9
80,Banan Chiquita,4011,24.9,0.35,kg,8.72
80,Hönö Jollekaka,7311070003567,19.9,1.0,st,30.9
80,Nötfärs 5%,7318690042044,51.9,1.0,st,51.9
80,Nötspett t c pepp,7300200456007,49.9,1.0,st,49.9
80,Pucko Chokladpudd,4100290025885,8.0,1.0,st,13.0
80,Standardmjölk 3%,7318690115144,12.9,1.0,st,12.9
80,Ärter m fläsk Feli,7310090752691,11.9,3.0,st,35.7
81,Bacon sk Scan 140g,7300208345006,11.0,2.0,st,22.0
81,Citron ICA,3182,5.0,1.0,st,5.0
81,Flapstek,2372786800000,129.0,0.88,kg,113.39
81,Pucko Chokladpudd,4100290025885,8.0,1.0,st,13.0
81,Vetemjöl,7318690041023,18.9,1.0,st,18.9
82,Banan Chiquita,4011,24.9,0.36,kg,8.96
82,Calzone ost&skinka,7310240077575,11.92,1.0,st,14.9
82,Chicken sticks,7313940027116,39.9,1.0,st,39.9
82,Levain,7311070008159,42.9,1.0,st,42.9
82,Mannerström 2-del,2307122200000,89.0,0.87,kg,77.16
82,Pucko Chokladpudd,4100290025885,8.0,1.0,st,13.0
82,Standardmjölk 3%,7318690115144,12.9,2.0,st,25.8
82,Turkisk matyog 10%,7310865078353,29.9,1.0,st,29.9
82,Vitlöks salami,7350025544502,19.9,1.0,st,30.9
82,Vätskebalans,7350014910523,24.9,1.0,st,24.9
83,Banan Chiquita,4011,24.9,0.28,kg,7.1
83,Bärkasse papper,2,3.5,1.0,st,3.5
83,Chicken sticks,7313940027116,39.9,2.0,st,79.8
83,Gifflar Kanel,7311070006209,19.9,1.0,st,28.9
83,Guacamole Neutral,8717154053777,10.0,1.0,st,24.9
83,Ingefära,4612,99.9,0.04,kg,4.0
83,Jordn.smör Crunchy,7318690490821,73.9,1.0,st,73.9
83,Levain,7311070008159,42.9,1.0,st,42.9
83,Lönnsirap plättar,6407800001581,19.9,2.0,st,39.8
83,Närvärpt ägg 30-pck,7350078576314,69.9,1.0,st,69.9
83,Pastasås Napoletan,7350060704107,15.0,1.0,st,15.0
83,Penne Salame,7350126085324,34.9,1.0,st,39.9
83,Prinskorv,7340063015706,24.9,1.0,st,24.9
83,Standardmjölk 3%,7318690115144,12.9,1.0,st,12.9
83,Vitlök nät 250g,6954821584253,12.0,1.0,st,12.0
83,Yoghurt Skogsbär,7310867548557,16.9,1.0,st,16.9
84,Banan Chiquita,4011,24.9,0.32,kg,7.84
84,Bröstfilé,7391049002821,84.9,1.0,st,84.9
84,Chicken sticks,7313940027116,39.9,1.0,st,39.9
84,Isterband,7340063013009,19.9,1.0,st,19.9
84,Lemonad Päron,7313619001652,30.9,1.0,st,29.9
84,Pucko Chokladpudd,4100290025885,8.0,1.0,st,13.0
84,Rökt skinka,7350046676473,12.9,1.0,st,12.9
84,Standardmjölk 3%,7318690115144,12.9,1.0,st,12.9
84,Taco Spice Mix,8410076491916,5.0,2.0,st,27.8
84,Vaniljsås,7310470061108,15.0,2.0,st,35.8
84,Vätskebalans,7350014910523,24.9,1.0,st,24.9
85,Am choco pannkakor,8714801410785,12.9,2.0,st,25.8
85,Colgate Tandb 1p,8714789417066,11.0,1.0,st,24.9
85,Fransyska nät vac,2319117000000,99.0,0.92,kg,90.98
85,Gourm Hamburgerbr,7311070008180,34.9,1.0,st,34.9
85,Halloumi,7350002402719,45.9,1.0,st,45.9
85,Herrgård 28% mi,2340418100000,133.9,0.71,kg,94.8
85,Lönnsirap plättar,6407800001581,19.9,1.0,st,19.9
85,Nötfärs 12%,2330096100000,99.0,1.0,kg,98.7
85,Rotmos,7310240756692,10.0,2.0,st,20.0
85,Taco Spice Mix,8410076491916,5.0,1.0,st,13.9
86,Banan Chiquita,4011,24.9,0.64,kg,15.81
86,Basmatiris,7318690482222,74.5,2.0,st,179.8
86,Diskmedel original,4015600444419,38.9,1.0,st,38.9
86,Fransyska i bit,2372722300000,119.0,1.08,kg,128.76
86,Handtvål Flower Ho,7318690509615,15.9,1.0,st,15.9
86,ICA Bad&Toa 6-p,7318690046905,40.9,1.0,st,40.9
86,Kaffe Selected BR,7310731101703,59.9,1.0,st,59.9
86,Kycklingpaj,7310960027300,26.9,1.0,st,26.9
86,Levain,7311070008159,42.9,1.0,st,42.9
86,Rökt skinka,7350046676473,14.9,1.0,st,14.9
86,Standardmjölk 3%,7318690115144,12.9,1.0,st,12.9
87,Banan Chiquita,4011,24.9,0.29,kg,7.35
87,Bärkasse papper,2,3.5,1.0,st,3.5
87,Gourm Hamburgerbr,7311070008180,34.9,1.0,st,34.9
87,Grekisk Yoghurt,7350056793023,34.9,1.0,st,34.9
87,Herrl Rabarber,7312720011253,34.9,1.0,st,34.9
87,Kycklingben majs,2307101700000,34.9,0.87,kg,30.5
87,Kycklingben majs,2307101700000,34.9,0.86,kg,29.87
87,Kycklingpaj,7310960027300,26.9,1.0,st,26.9
87,Levain,7311070008159,24.9,1.0,st,42.9
87,Lök röd,4082,18.9,0.12,kg,2.27
87,Lönnsirap plättar,6407800001581,19.9,1.0,st,19.9
87,Närvärpt ägg 30-pck,7350078576314,69.9,1.0,st,69.9
87,Nötfärs 12%,2330096600000,79.9,1.02,kg,81.58
87,Olivolja Classico,80053828,39.9,1.0,st,70.9
87,Ost/skinkpaj,7310960027270,26.9,1.0,st,26.9
87,Smör Normalsaltat,7318690052678,51.9,1.0,st,51.9
87,Standardmjölk 3%,7318690115144,10.32,1.0,st,12.9
87,Tacopaj,7310960034469,26.9,1.0,st,26.9
88,Blåbärspaj,7310890201191,38.9,1.0,st,38.9
88,Handtvål Mang papa,7318690081685,10.9,1.0,st,10.9
88,Hushållsost 26%,2340375300000,116.9,2.16,kg,252.5
88,Standardmjölk 3%,7318690115144,10.32,1.0,st,12.9
88,Vittvätt pulver,7318690101185,12.9,1.0,st,12.9
89,Banan Chiquita,4011,24.9,0.64,kg,15.81
89,Blåbärspaj,7310890201191,38.9,1.0,st,38.9
89,Gifflar Kanel,7311070006209,19.9,1.0,st,28.9
89,Grillkarré bbq,2372713300000,84.9,0.77,kg,65.54
89,Kebab original,7350090451057,34.9,1.0,st,34.9
89,Kvarg Stracciatell,7392672003667,5.0,2.0,st,10.0
89,Presentpapper,7331335000025,24.0,1.0,st,24.0
89,Standardmjölk 3%,7318690115144,12.9,2.0,st,25.8
90,AVOKADO I NÄT,8713807005636,32.9,1.0,st,32.9
90,Gifflar Kanel,7311070006209,19.9,1.0,st,28.9
90,Gurka klass 2,4594,14.9,0.45,kg,6.63
90,Kokosolja EKO Virg,7350021422699,36.9,1.0,st,79.9
90,Kvarg Stracciatell,7392672003667,5.0,2.0,st,10.0
90,Levain,7311070008159,24.9,1.0,st,42.9
90,Lök röd,4082,17.9,0.2,kg,3.67
90,Mexican Pita,7311310038564,8.9,2.0,st,17.8
90,Nötfärs 12%,2330096600000,79.9,0.97,kg,77.82
90,Olivolja Classico,80053828,44.9,1.0,st,70.9
90,Recovery Chocolate,7310861015024,11.8,2.0,st,43.8
90,Recovery Strawberr,7310861015000,11.8,3.0,st,65.7
90,Riven ost,7318690117261,42.9,1.0,st,42.9
90,Snickers Strut,5000159311373,10.0,3.0,st,30.0
90,Sv kallpress äpple,7318690505327,20.9,1.0,st,19.9
91,Cels Froz Berry B,7350058335085,12.0,1.0,st,23.9
91,Feli Äpplemos gl,7310240055368,19.9,1.0,st,30.9
91,Grekisk Yoghurt,7350056793023,34.9,1.0,st,34.9
91,Kiwi Guava,7350058335580,12.0,1.0,st,23.9
91,Lantmjölk Original,7310867501279,16.9,1.0,st,16.9
91,Lantskinka rökt pl,7318690088943,12.9,1.0,st,25.9
91,Strawberry Lemonad,7350058335597,12.0,2.0,st,47.8
91,Summer Vibe,7350058335610,12.0,1.0,st,23.9
91,Tikka Masala Sauce,7311312003409,16.9,1.0,st,16.9
91,White Peach,7350058330127,12.0,3.0,st,71.7
92,Banan Chiquita,4011,24.9,0.58,kg,14.44
92,Blåbärspaj,7310890201191,38.9,1.0,st,38.9
92,Cels Crispy Pe B,7350058335078,12.0,2.0,st,47.8
92,Celsius Hall/Acai,7350058331704,12.0,1.0,st,23.9
92,Fläskytterfilé BBQ,2372748800000,89.0,0.94,kg,83.48
92,Gourm Hamburgerbr,7311070008180,34.9,1.0,st,34.9
92,Levain,7311070008159,42.9,1.0,st,42.9
92,Lök röd,4082,18.9,0.1,kg,1.8
92,Mango Passion,7350058335535,12.0,1.0,st,23.9
92,Närvärpt ägg 30-pck,7350078576314,69.9,1.0,st,69.9
92,Nötfärs 12%,2330096600000,89.0,1.04,kg,93.01
92,Standardmjölk 3%,7318690115144,12.9,2.0,st,25.8
93,Banan Chiquita,4011,24.9,0.93,kg,23.03
93,Delicatoboll 6-p,7315360061503,13.0,3.0,st,68.7
93,Havregryn,7318690034308,23.9,1.0,st,23.9
93,Jordn.smör Crunchy,7318690490821,73.9,1.0,st,73.9
93,Kulörtvätt,7318690101154,12.9,1.0,st,12.9
93,Kycklingbröstfilé,7318690158257,109.0,1.0,st,109.0
93,Läsk Zero Vanill33,5000112638868,6.0,4.0,st,20.0
93,Läsk Zero Vanill33,5000112638868,6.0,1.0,st,5.0
93,Pizza Kebab,7318690062837,29.0,2.0,st,65.8
93,Standardmjölk 3%,7318690115144,12.9,2.0,st,25.8
93,Str.kyckl. vit/ch,2332810800000,99.0,0.63,kg,61.97
93,Turkisk yoghurt,7392672104050,19.9,1.0,st,19.9
94,Avfallspåse,7313130180621,20.0,2.0,st,49.8
94,Banan Chiquita,4011,24.9,1.1,kg,27.51
94,Lök röd,4082,21.9,0.2,kg,4.49
94,Nötfärs,2330068800000,89.0,1.62,kg,144.54
94,Paneng red curry,7313940012648,49.9,2.0,st,99.8
94,Papardelle per/vit,7318690185581,11.0,1.0,st,11.0
94,Riven ost,7318690117261,42.9,1.0,st,42.9
94,Standardmjölk 3%,7318690115144,12.9,2.0,st,25.8
94,Taco kryddmix,7318690136170,9.9,1.0,st,9.9
94,Tortilla,8410076472410,10.0,1.0,st,10.0
94,Turkisk yoghurt,7392672104050,17.9,1.0,st,17.9
94,Vallmotoast,7318690508243,29.9,1.0,st,29.9
95,Mellangrädde 27%,7318690140191,14.9,1.0,st,14.9
95,Mixer Tonic Zero,7310401050232,11.0,1.0,st,10.0
95,Pink Tonic Zero,7310401050225,11.0,1.0,st,10.0
96,Druva grön kf ICA,7318693555800,36.9,1.0,st,36.9
97,Blåbärspaj,7310890201191,38.9,1.0,st,38.9
97,Herr Svartvinbärs,7312720011239,34.9,1.0,st,34.9
97,Kyckl.file,2332804000000,99.0,1.15,kg,113.55
97,Makrill i tomats,7318690185284,32.5,2.0,st,69.8
97,Pizza Capricciosa,7318690036050,29.0,1.0,st,32.9
97,Pizza Kebab,7318690062837,29.0,1.0,st,32.9
97,Standardmjölk 3%,7318690115144,12.9,1.0,st,12.9
97,Våtservett Toalett,7318690148883,33.9,1.0,st,33.9
98,Färskpotatis,4833,4.9,1.31,kg,6.44
98,Gräddfil 12%,7310865083418,12.0,1.0,st,15.9
98,Koffeinfri,5000112654264,10.9,2.0,st,17.8
98,Koffeinfri,5000112654264,10.9,1.0,st,8.9
98,Lövbiff,2330072500000,139.0,0.47,kg,65.89
98,Standardmjölk 3%,7318690115144,12.9,1.0,st,12.9
99,Balsam Lux Moistur,5012254061206,29.9,1.0,st,52.9
99,Banan Chiquita,4011,24.9,0.66,kg,16.31
99,Bärkasse papper,2,3.5,1.0,st,3.5
99,Choklad seasalt,7350101195123,11.0,1.0,st,11.0
99,Citron ICA,3182,5.0,3.0,st,26.7
99,Cottage Cheese Van,7310865889157,24.9,2.0,st,49.8
99,ICA Bad&Toa 6-p,7318690046905,39.9,1.0,st,39.9
99,Nötfärs,2330068800000,89.0,1.64,kg,146.14
99,Paj Ost- & skinka,7318690507987,19.9,2.0,st,39.8
99,Ravioli gorgonzola,7318690505198,19.9,2.0,st,39.8
99,Salted Caramel,3415581114928,29.9,1.0,st,34.9
99,Standardmjölk 3%,7318690115144,12.9,2.0,st,25.8
99,Turkisk matyog 10%,7310865078353,32.9,1.0,st,32.9
99,Vallmotoast,7318690508243,14.9,1.0,st,29.9
99,Ägg 15-pack frigåe,7392964158938,42.9,1.0,st,42.9
100,Cottage Cheese Van,7310865889157,24.9,2.0,st,49.8
100,Jordn.smör Crunchy,7318690490821,73.9,1.0,st,73.9
100,Salsicciafärs,7318690505211,29.9,1.0,st,29.9
100,Standardmjölk 3%,7318690115144,12.9,1.0,st,12.9
101,AVOKADO I NÄT,8713807005636,20.0,1.0,st,20.0
101,Banan Chiquita,4011,24.9,0.2,kg,4.98
101,Cottage Cheese Van,7310865889157,34.9,2.0,st,69.8
101,Cott Cheese nat 4%,7310865008060,34.9,1.0,st,34.9
101,Fink Hush.salt Jod,7311631500603,12.9,1.0,st,12.9
101,Jordn.smör Crunchy,7318690490821,73.9,1.0,st,73.9
101,Lantmjölk Gammalda,7310867501286,16.9,2.0,st,33.8
101,Nötfärs 12%,2330096100000,99.0,1.02,kg,100.78
101,Penne Rigate,7318690028369,14.0,2.0,st,29.8
101,Ravioli gorgonzola,7318690505198,19.9,1.0,st,19.9
101,Skinka rökt strim,7330797080255,16.9,1.0,st,16.9
101,Sötpotatisklyftor,8710449956685,29.9,1.0,st,29.9
101,Tagliatelle u ägg,7318690082392,18.9,2.0,st,37.8
102,Banan Chiquita,4011,24.9,0.66,kg,16.43
102,Cola Max 6p,7310072000635,31.0,1.0,st,39.9
102,Cottage Cheese Van,7310865889157,34.9,3.0,st,104.7
102,Cott Cheese nat 4%,7310865008060,34.9,1.0,st,34.9
102,Herrg 28% mellanla,2319232400000,113.9,0.76,kg,87.02
102,Kvarg blåbär utan,7392672002066,13.9,2.0,st,27.8
102,Lammkorv Merguez,7300201048003,13.9,1.0,st,13.9
102,LantGoda,7311070008494,29.9,1.0,st,29.9
102,Nötfärs 12%,2330096100000,79.9,1.01,kg,80.86
102,Turkisk matyog 10%,7310865078353,32.9,1.0,st,32.9
103,Blåbärspaj,7310890201191,38.9,1.0,st,38.9
103,Bratwurst Scan,7300206706007,19.9,1.0,st,19.9
103,Chorizo,7340063010701,29.9,1.0,st,29.9
103,Cola Max 6p,7310072000635,31.0,1.0,st,39.9
103,Cott Cheese nat 4%,7310865008060,34.9,1.0,st,34.9
103,Gyll Havregryn,7310130321283,23.9,1.0,st,23.9
103,Mellanmjölk 1.5%,7318690115151,12.9,1.0,st,12.9
103,Packtejp klar,7310380216254,25.9,1.0,st,25.9
103,Standardmjölk 3%,7318690115144,12.9,1.0,st,12.9
103,Super Crunch,7310532114070,10.0,1.0,st,10.0
104,Banan Chiquita,4011,24.9,0.6,kg,14.94
104,Bärkasse papper,2,3.5,1.0,st,3.5
104,Cola Max 6p,7310072000635,31.0,1.0,st,39.9
104,Handtvål peach,7318690512318,10.9,1.0,st,10.9
104,Ice Tea Peach,7313593559002,16.9,1.0,st,16.9
104,Kulörtvätt,7318690101154,12.9,1.0,st,12.9
104,Kvarg vanilj Lfri,7310867548663,24.9,1.0,st,24.9
104,Levain,7311070008159,42.9,1.0,st,42.9
104,Lövbiff,2330078600000,99.0,0.55,kg,54.05
104,Mellanmjölk 1.5%,7318690115151,12.9,1.0,st,12.9
104,Pink Tonic Zero,7310401050478,8.9,1.0,st,25.9
104,Rökt skinka,7350025545554,12.9,1.0,st,22.9
104,Vittvätt pulver,7318690101185,12.9,1.0,st,12.9
105,Basmatiris,7318690482222,74.5,2.0,st,189.8
105,Calzone ost&skinka,7310240077575,14.9,1.0,st,14.9
105,Choklad Brownie,8719956498213,14.9,1.0,st,40.9
105,Choklad Ljus Karam,8717677336654,14.9,1.0,st,40.9
105,Cottage Cheese Van,7310865889157,24.9,8.0,st,199.2
105,Fransyska i bit,2372722300000,119.9,0.7,kg,84.17
105,Kebabspett,7318690002109,29.9,1.0,st,29.9
105,Mellanmjölk 1.5%,7318690115151,12.9,2.0,st,25.8
105,Mozzarella,7318690079873,8.0,2.0,st,16.0
105,Vit Choklad,8719956498190,14.9,1.0,st,40.9
105,Ägg 15-pack frigåe,7392964158938,42.9,1.0,st,42.9
106,Banan Chiquita,4011,24.9,0.12,kg,3.11
106,Druva grön kf ICA,8430697832080,25.0,1.0,st,25.0
106,Fransyska i bit,2372722300000,119.9,0.62,kg,74.82
106,Mellanmjölk 1.5%,7318690115151,12.9,1.0,st,12.9
106,Pepsi Max 1.5l,7310070382306,21.0,2.0,st,43.8
106,Ungnötslever bit,2319135300000,24.9,0.43,kg,10.66
106,Ägg 15-pack frigåe,7392964158938,42.9,1.0,st,42.9
107,Balsam Lux Moistur,5012254061206,29.9,1.0,st,52.9
107,Fransyska i bit,2372722300000,119.9,0.66,kg,79.13
107,Kvarg blåbär utan,7392672002066,17.9,2.0,st,35.8
107,Kvarg hallon,7392672002059,17.9,2.0,st,35.8
107,Kvarg vanilj US,7392672002448,17.9,2.0,st,35.8
107,Kycklinginnerfilé,7300322510007,44.9,1.0,st,44.9
107,Levain,7311070008159,42.9,1.0,st,42.9
107,Makrill i tomats,7318690185284,32.5,2.0,st,69.8
107,Mellanmjölk 1.5%,7318690115151,12.9,2.0,st,25.8
107,Mozzarella,7318690079873,6.0,2.0,st,12.0
107,Snickersglass,5000159541336,34.5,1.0,st,34.9
107,Snickers White,5000159509633,34.5,1.0,st,34.9
107,Ägg 15-pack frigåe,7392964158938,42.9,1.0,st,42.9
108,Banan Chiquita,4011,24.9,0.77,kg,19.17
108,Colgate Tandb 1p,5000209216511,11.0,1.0,st,19.9
108,Fransyska i bit,2372722300000,119.9,0.68,kg,81.77
108,Grevé 28% mild,2340428600000,109.0,0.72,kg,78.15
108,Kvarg blåbär utan,7392672002066,17.9,1.0,st,17.9
108,Kvarg vanilj US,7392672002448,17.9,1.0,st,17.9
108,Mellanmjölk 1.5%,7318690115151,12.9,1.0,st,12.9
108,Mozzarella,7318690079873,6.0,1.0,st,6.0
108,Pepsi Max 1.5l,7310070382306,21.0,2.0,st,43.8
109,Avfallspåse,7313130180621,20.0,2.0,st,47.0
109,Fotfil,7318690153696,29.9,1.0,st,29.9
109,Friggs Ört-Te 25p,7310186023650,22.9,1.0,st,22.9
109,Gul lök ICA,4666,27.9,0.32,kg,8.79
109,Hushållsduk 4p,7310380512738,17.9,1.0,st,17.9
109,Kvarg blåbär utan,7392672002066,17.9,1.0,st,17.9
109,Levain,7311070008159,42.9,1.0,st,42.9
109,Svea Elbrygg,7310760012919,62.9,1.0,st,62.9
109,TOALETT DEKOR,6414301053919,29.9,1.0,st,29.9
109,Yoghkvarg Jo/Lime,7310867548533,16.9,1.0,st,16.9
110,Cottage Cheese Van,7310865889157,25.0,5.0,st,125.0
110,Feta,7350002402658,15.0,2.0,st,30.0
110,Fransyska i bit,2372722300000,119.9,0.63,kg,75.54
110,Grekisk Yoghurt,7350056793023,34.9,1.0,st,34.9
110,Gyll Havregryn,7310130321283,23.9,2.0,st,47.8
110,Mannerström 2-del,2307122200000,99.0,0.94,kg,92.76
110,Mellanmjölk 1.5%,7318690115151,12.9,2.0,st,25.8
110,Mozzarella,7318690079873,6.0,3.0,st,18.0
110,Ägg 15-pack frigåe,7392964158938,42.9,1.0,st,42.9
111,Kalvstek,2320763300000,109.0,1.0,kg,109.22
111,Kebabstrimlor,7318690098805,26.9,1.0,st,26.9
111,Levain,7311070008159,42.9,1.0,st,42.9
111,Ost- och bacongril,7340063014853,29.9,1.0,st,29.9
111,Pepsi Max 1.5l,7310070382306,21.0,2.0,st,43.8
111,Smör Normalsaltat,7318690052678,48.9,1.0,st,48.9
111,Snickersglass,5000159541336,34.9,1.0,st,34.9
111,Standardmjölk 3%,7318690115144,12.9,2.0,st,25.8
111,Teriyaki Sauce,7311310035341,45.9,1.0,st,45.9
111,Zero Läsk,7310401046754,6.0,2.0,st,10.0
111,Ägg 15-pack frigåe,7392964158938,42.9,1.0,st,42.9
112,Bärkasse papper,2,3.5,1.0,st,3.5
112,Cheddar 32%,2312725700000,129.0,1.42,kg,182.54
112,Mozzarella,7350027795520,10.0,4.0,st,40.0
112,Pepsi Max 1.5l,7310070382306,21.0,2.0,st,43.8
112,Salladsost,7318690082286,18.9,1.0,st,18.9
112,Standardmjölk 3%,7318690115144,9.52,2.0,st,23.8
112,Vetelevain,7318690501657,24.9,1.0,st,24.9
112,Yoghkvarg Jo/Lime,7310867548533,14.9,2.0,st,29.8
113,Bärkasse papper,2,3.5,1.0,st,3.5
113,Cottage Cheese Van,7310865889157,29.9,4.0,st,119.6
113,Handtvål Almond,7318690512295,10.9,1.0,st,10.9
113,Standardmjölk 3%,7318690115144,11.9,2.0,st,23.8
114,Chokladmjölk UTS,7318690502098,14.9,1.0,st,14.9
114,Mar tvådelad grill,2307125100000,89.0,0.89,kg,79.3
114,Mozzarella,7318690079873,12.9,5.0,st,64.5
114,Standardmjölk 3%,7318690115144,11.9,1.0,st,11.9
114,Vetelevain,7318690501657,24.9,1.0,st,24.9
115,AXA Havregryn,7310130321085,30.9,1.0,st,30.9
115,Banan Chiquita,4011,24.9,0.77,kg,19.05
115,Batteri LR03 AAA,7310380216810,24.9,1.0,st,24.9
115,Chokladmjölk UTS,7318690502098,14.9,1.0,st,14.9
115,Kycklingfilé,7330817832628,76.9,1.0,st,76.9
115,Mozzarella,7318690079873,12.9,1.0,st,12.9
115,Papardelle per/vit,7318690185581,10.0,2.0,st,20.0
115,Salladsost,7318690082286,19.9,1.0,st,19.9
115,Standardmjölk 3%,7318690115144,11.9,2.0,st,23.8
115,Vetelevain,7318690501657,24.9,1.0,st,24.9
116,Bärkasse papper,2,3.5,1.0,st,3.5
116,Cott cheese nat 4%,7318690104261,30.9,2.0,st,61.8
116,Kulörtvätt,7318690101154,12.9,1.0,st,12.9
116,Ljus chokladmjölk,7310865086259,23.9,1.0,st,23.9
116,Mozzarella,7318690079873,12.9,4.0,st,51.6
116,Nötfärs,2372782100000,95.0,1.12,kg,106.78
116,Standardmjölk 3%,7318690115144,11.9,1.0,st,11.9
117,AXA Havregryn,7310130321085,30.9,1.0,st,30.9
117,DeliGrillkorv smal,7300200660008,29.9,1.0,st,29.9
117,Standardmjölk 3%,7318690115144,11.9,2.0,st,23.8
117,Ägg M 18pack,7392964188935,52.9,1.0,st,52.9
118,Banan Chiquita,4011,26.9,1.01,kg,27.3
118,Gouda bit,2319179100000,79.9,0.9,kg,72.15
118,Grekisk Yoghurt,7350056793023,34.9,1.0,st,34.9
118,Grillad Kyckling,7312331808549,17.9,1.0,st,17.9
118,Kvarg blåbär utan,7392672002066,14.9,4.0,st,59.6
118,Mozzarella,7318690079873,14.9,2.0,st,29.8
118,Salladsost,7318690082286,21.9,1.0,st,21.9
118,Standardmjölk 3%,7318690115144,11.9,3.0,st,35.7
118,Tacokyckling,5760725237741,39.9,1.0,st,39.9
118,Vetelevain,7318690501657,24.9,1.0,st,24.9
119,Kollegie rutat A4,7313134012478,27.5,1.0,st,27.5
119,Ljus chokladmjölk,7310865086259,23.9,1.0,st,23.9
119,Mjölk 3% ESL,7318690512622,8.0,1.0,st,8.0
119,Ojämna bacon skivor,2354875800000,39.9,0.54,kg,21.47
119,Sötpotatis,4091,15.0,1.75,kg,26.18
120,Amandine,7350029941031,15.0,1.0,st,15.0
120,Banan Chiquita,4011,28.9,0.71,kg,20.52
120,kycklinglårfilé,7330817032639,59.9,1.0,st,59.9
120,Lantmjölk Gammalda,7310867501286,16.9,3.0,st,50.7
120,Levain,7311070008159,34.9,1.0,st,34.9
120,Mozzarella,7318690079873,14.9,7.0,st,104.3
120,Snickers Ice Cream,5000159529549,32.9,1.0,st,32.9
120,Ögon Cacao,6416453062122,60.9,1.0,st,60.9
121,Chili cheese nugge,7350004661480,35.9,1.0,st,35.9
121,Fruit Crush Ap Rhu,7313619002130,19.9,1.0,st,19.9
121,Lantmjölk Gammalda,7310867501286,16.9,2.0,st,33.8
121,Ljus chokladmjölk,7310865086259,23.9,1.0,st,23.9
121,Nötfärs 12%,2330096100000,79.9,1.01,kg,80.54
122,Jordn.smör Crunchy,7318690490821,73.9,1.0,st,73.9
122,Rödbetor skiv,7310240051261,19.9,1.0,st,19.9
122,Standardmjölk 3%,7318690115144,11.9,2.0,st,23.8
122,Vetelevain,7318690501657,24.9,1.0,st,24.9
123,AXA Havregryn,7310130321085,30.9,1.0,st,30.9
123,Banan Chiquita,4011,28.9,0.52,kg,14.88
123,Brie Ekologisk,5740200016153,16.9,1.0,st,16.9
123,Bärkasse papper,2,3.5,1.0,st,3.5
123,Godis Roulette Sou,4001686372975,5.0,2.0,st,15.8
123,Iskaffe med mjölk,7310867502344,12.9,1.0,st,12.9
123,Jordn.smör Crunchy,7318690490821,73.9,1.0,st,73.9
123,Salami Vitlök,6409630008693,29.9,1.0,st,29.9
123,Standardmjölk 3%,7318690115144,11.9,2.0,st,23.8
123,Sötpotatis,4091,15.0,2.53,kg,37.95
123,Trop Apelsin orig,5410188031836,29.9,1.0,st,29.9
123,Vetelevain,7318690501657,24.9,1.0,st,24.9
124,Bärkasse papper,2,3.5,1.0,st,3.5
124,Små kanelbullar,7311070006322,19.9,1.0,st,19.9
124,Standardmjölk 3%,7318690115144,11.9,3.0,st,35.7
124,Trocamust,7310401051741,6.0,1.0,st,5.0
124,Ägg Frig utomh M/L,7310062443121,24.9,1.0,st,24.9
125,Banan Chiquita,4011,28.9,0.6,kg,17.48
125,Färdiggrill Kebab,7350020120145,44.9,1.0,st,44.9
125,Ravioli tomat/mozz,7318690513780,34.9,1.0,st,34.9
125,Små kanelbullar,7311070006322,19.9,1.0,st,19.9
125,Standardmjölk 3%,7318690115144,11.9,2.0,st,23.8
126,Banan Chiquita,4011,28.9,0.49,kg,14.31
126,Fruit Crush Ap Rhu,7313619002130,14.9,1.0,st,17.9
126,Handtvål jasmine,7393481005880,19.9,1.0,st,19.9
126,Kycklingfilé,7330817832628,72.9,2.0,st,145.8
126,Mozzarella,7318690079873,14.9,6.0,st,89.4
126,Små kanelbullar,7311070006322,19.9,1.0,st,19.9
126,Standardmjölk 3%,7318690115144,11.9,1.0,st,11.9
126,Vätskeersätt Sport,7318690178941,47.9,1.0,st,47.9
127,Banan Chiquita,4011,28.9,0.57,kg,16.47
127,Fruit Crush Ap Rhu,7313619002130,14.9,1.0,st,17.9
127,Julmust,7310070005342,6.0,1.0,st,5.0
127,Nötfärs,2372782100000,99.0,1.05,kg,103.95
127,Standardmjölk 3%,7318690115144,11.9,2.0,st,23.8
127,Vetelevain,7318690501657,24.9,1.0,st,24.9
128,Bad & Toalett 16-p,7318690172970,98.9,1.0,st,98.9
128,Blåbärspaj,7310890201191,38.9,1.0,st,38.9
128,Grp art Kolonial,19500,50.0,1.0,st,50.0
128,Julmust,7310070005342,6.0,1.0,st,5.0
128,Kycklingfilé,7330817832628,73.9,2.0,st,147.8
128,Mat&Kök hushåll XL,7318690187400,47.9,1.0,st,47.9
128,Mozzarella,7318690079873,14.9,3.0,st,44.7
128,Närvärpt ägg 30-pck,7350078576314,69.9,1.0,st,69.9
128,Standardmjölk 3%,7318690115144,11.9,2.0,st,23.8
129,Bacon sk Scan 140g,7300208345006,15.9,1.0,st,15.9
129,Gainomax apple,7350028548460,11.0,5.0,st,50.0
129,Gainomax Rasberry,7350028548453,11.0,1.0,st,10.0
129,Klass vaniljsås,5711953147746,24.9,1.0,st,24.9
130,Banan Eko,94232,31.9,0.71,kg,22.81
130,Basturökt skinka,7350046676572,11.9,1.0,st,11.9
130,Blåbärspaj,7310890201191,38.9,2.0,st,77.8
130,Gainomax apple,7350028548460,11.0,4.0,st,40.0
130,Gainomax Lemonade,7350028548477,11.0,1.0,st,10.0
130,Gainomax Rasberry,7350028548453,11.0,2.0,st,20.0
130,Standardmjölk 3%,7318690115144,11.9,3.0,st,35.7
131,AXA Havregryn,7310130321085,30.9,1.0,st,30.9
131,Milea,8711000537527,59.9,1.0,st,59.9
131,Nötstek fransyska,2320272100000,99.0,1.17,kg,116.03
131,Standardmjölk 3%,7318690115144,11.9,1.0,st,11.9
132,Banan Chiquita,4011,20.0,1.19,kg,23.7
132,Blåbärspaj,7310890201191,38.9,1.0,st,38.9
132,Levain,7311070008159,34.9,1.0,st,34.9
132,Mozzarella,7318690079873,14.9,3.0,st,44.7
132,Nötstek fransyska,2320272100000,99.0,0.78,kg,77.42
132,Pepsod Tandb 1p,7310375547905,17.9,1.0,st,17.9
132,Standardmjölk 3%,7318690115144,11.9,3.0,st,35.7
133,Bacon,7318690508779,10.9,2.0,st,21.8
133,Blåbärspaj,7310890201191,38.9,1.0,st,38.9
133,Celsius Citr/Lime,7350058331100,13.9,1.0,st,12.9
133,Gainomax Rasberry,7350028548453,11.0,1.0,st,10.0
133,Gouda cheese 30%,2319240100000,64.9,0.68,kg,44.33
133,Kiwi Guava,7350058335580,13.9,1.0,st,12.9
133,Klass vaniljsås,5711953147746,24.9,1.0,st,24.9
133,Levain,7311070008159,34.9,1.0,st,34.9
133,Standardmjölk 3%,7318690115144,11.9,3.0,st,35.7
134,Bacon,7318690177814,10.0,5.0,st,50.0
134,Banan Chiquita,4011,28.9,0.5,kg,14.45
134,Dr pepper Straw,7340154812665,14.9,1.0,st,13.9
134,Morot,7316350315040,12.0,1.0,st,12.0
134,Mozzarella,7318690079873,14.9,5.0,st,74.5
134,Standardmjölk 3%,7318690115144,11.9,3.0,st,35.7
134,Trocamust Zero,7310401051758,6.0,1.0,st,5.0
135,Bacon,7318690508779,6.67,3.0,st,24.0
135,Banan Chiquita,4011,28.9,0.34,kg,9.97
135,Bärkasse papper,2,3.5,1.0,st,3.5
135,Coca Cola 4x150cl,5449000099785,52.0,1.0,st,83.9
135,Kvarg hallon,7392672002059,14.9,1.0,st,14.9
135,Levain,7311070008159,34.9,1.0,st,34.9
135,Normsalt Smör Ekol,7310865560759,75.9,1.0,st,75.9
135,Standardmjölk 3%,7318690115144,11.9,2.0,st,23.8
135,Ägg M 18pack,7392964188935,52.9,1.0,st,52.9
136,Bröstfilé,7391049002821,79.9,1.0,st,79.9
136,Iskaffe Hazelnut,4100290027131,14.9,1.0,st,14.9
136,Närvärpt ägg 30-pck,7350078576314,69.9,1.0,st,69.9
136,Standardmjölk 3%,7318690115144,11.9,3.0,st,35.7
136,Taco Spice Mix,7311310031039,19.9,1.0,st,30.9
136,YES Original,8006540956663,35.9,1.0,st,35.9
136,Äppelpaj,7310890201030,38.9,1.0,st,38.9
137,AXA Havregryn,7310130321085,30.9,1.0,st,30.9
137,Bacon,7318690508779,6.67,3.0,st,24.0
137,Bakpotatis,7318690176176,15.0,2.0,st,39.8
137,Banan Chiquita,4011,28.9,0.61,kg,17.77
137,Häagen-Dazs DUO,3415582301921,29.9,1.0,st,29.9
137,Kycklingfilé,7330817832628,69.9,1.0,st,69.9
137,Mozzarella,7318690079873,14.9,3.0,st,44.7
137,Standardmjölk 3%,7318690115144,11.9,3.0,st,35.7
138,Banan Chiquita,4011,28.9,0.38,kg,10.84
138,Citron ICA,3182,5.0,1.0,st,5.0
138,Frigående S-L,7318690508762,16.9,2.0,st,33.8
138,Jämtländsk Hush26%,2340396000000,99.0,1.1,kg,109.1
138,Kycklingfilé,7330817832628,69.9,1.0,st,69.9
138,Mozzarella,7318690079873,13.9,2.0,st,27.8
138,Royal,7310830020318,33.33,3.0,st,179.7
138,Standardmjölk 3%,7318690115144,11.9,3.0,st,35.7
138,Vetelevain,7318690501657,24.9,1.0,st,24.9
139,Coca Cola 4x150cl,5449000099785,57.9,1.0,st,49.9
139,Häagen-Dazs DUO,3415582301921,29.9,2.0,st,59.8
139,Klass vaniljsås,5711953147746,24.9,1.0,st,24.9
139,Laxsida,2319190900000,129.0,1.06,kg,137.39
139,Standardmjölk 3%,7318690115144,11.9,3.0,st,35.7
140,Babyplommontomat,7318690075523,28.9,1.0,st,28.9
140,Potatis fast,4834,14.9,0.61,kg,9.09
140,Tunnbröd,7393145093604,10.9,1.0,st,10.9
141,Avfallspåse,7310380458395,9.9,2.0,st,19.8
141,Banan Chiquita,4011,28.9,0.73,kg,21.24
141,Blåbärspaj,7310890201191,38.9,1.0,st,38.9
141,Bärkasse papper,2,3.5,1.0,st,3.5
141,Creme Fraiche,7318690140436,32.9,1.0,st,32.9
141,Humm Blåbär,7350092180030,10.0,1.0,st,10.0
141,Häagen-Dazs DUO,3415582301921,29.9,1.0,st,29.9
141,Nötfärs 12%,7318690513254,84.9,1.0,st,84.9
141,Spaghetti,7318690513728,8.9,2.0,st,17.8
141,Ägg Frig M/L 18 p,7310063446121,39.9,1.0,st,39.9
142,Banan Chiquita,4011,28.9,0.39,kg,11.27
142,Blåbär odlade,7318690128847,35.9,1.0,st,35.9
142,Bärkasse papper,2,3.5,1.0,st,3.5
142,Chokladmjölk UTS,7318690502098,14.9,1.0,st,14.9
142,Citroner i nät,2012345600000,10.0,1.0,st,10.0
142,Humm Blåbär,7350092180030,10.0,1.0,st,10.0
142,Mozzarella,7318690079873,13.9,4.0,st,55.6
142,Nötstek nätad,2372723500000,109.0,1.24,kg,134.94
142,Pastasås Arrabbiat,7350060704114,18.9,1.0,st,18.9
142,Pastasås Napoletan,7350060704107,18.9,1.0,st,18.9
142,Standardmjölk 3%,7318690115144,11.9,3.0,st,35.7
142,Vetelevain,7318690501657,24.9,1.0,st,24.9
143,Banan Eko,94232,31.9,0.63,kg,20.1
143,Fransyska i bit,2372722300000,99.0,0.79,kg,78.41
143,Girasoli Chèvre,8001665723282,24.9,1.0,st,24.9
143,Julskinka,7350025540061,24.9,1.0,st,24.9
143,Mozzarella,7318690079873,13.9,2.0,st,27.8
143,Ravioli Västerbott,7350060704336,29.0,1.0,st,29.0
143,Standardmjölk 3%,7318690115144,11.9,4.0,st,47.6
143,Vetelevain,7318690501657,24.9,1.0,st,24.9
143,Ägg M/L,7318690106593,24.9,1.0,st,24.9
144,AXA Havregryn,7310130321085,30.9,1.0,st,30.9
144,Banan Chiquita,4011,28.9,0.88,kg,25.43
144,Bärkasse papper,2,3.5,1.0,st,3.5
144,Citron ICA,3182,5.0,1.0,st,5.0
144,Creme Fraiche,7318690140436,32.9,1.0,st,32.9
144,Fransyska i bit,2372722300000,99.0,0.84,kg,83.36
144,Juice Apel Ma Pass,7318690170426,30.9,1.0,st,29.9
144,Kebabspett,7318690002109,32.9,1.0,st,32.9
144,Mozzarella,7318690079873,13.9,2.0,st,27.8
144,Ravioli Brasato,8001665724968,24.9,1.0,st,24.9
144,Ryggbiff,7332456000819,39.9,1.0,st,39.9
144,Standardmjölk 3%,7318690115144,11.9,4.0,st,47.6
144,Voss Vatten,682430611744,44.9,1.0,st,43.9
144,Vätskeersätt Sport,7318690178941,49.9,1.0,st,49.9
145,Basmatiris,7318690508939,164.9,1.0,st,164.9
145,Bärkasse papper,2,3.5,1.0,st,3.5
145,Cheddar 32% XL,2340101900000,129.0,2.79,kg,359.91
145,Kycklingbr.filé gr,7313940027000,29.9,1.0,st,29.9
145,Lammkorv,7340063013702,39.9,1.0,st,39.9
145,Standardmjölk 3%,7318690115144,11.9,1.0,st,11.9
145,Äppelpaj,7310890201030,38.9,1.0,st,38.9
146,Banan Chiquita,4011,28.9,0.74,kg,21.39
146,Blåbärspaj,7310890201191,38.9,1.0,st,38.9
146,Bärkasse papper,2,3.5,1.0,st,3.5
146,Chocolate Filled,7622201636951,14.9,1.0,st,33.9
146,Handtvål Aloe,7318690512301,10.9,1.0,st,10.9
146,Klass vaniljsås,5711953147746,24.9,1.0,st,24.9
146,Koktskinka ojämna s,2354873100000,49.9,0.78,kg,38.82
146,Mozzarella,7318690079873,13.9,3.0,st,41.7
146,Nypr Apelsinjuice,7318690170419,20.9,1.0,st,19.9
146,Nötfärs 12%,7300300050853,79.9,1.0,st,79.9
146,Ravioli Brasato,8001665724968,24.9,1.0,st,24.9
146,Roslagsgrill,7340063016406,34.9,1.0,st,34.9
146,Standardmjölk 3%,7318690115144,11.9,4.0,st,47.6
146,Vetelevain,7318690501657,24.9,1.0,st,24.9
146,Väddö Kladdkaka,7350054202213,39.9,1.0,st,39.9
146,Ägg M/L frig,7318690066903,14.9,1.0,st,14.9
147,Apelsin Havtorn Gu,7350000552119,14.9,1.0,st,14.9
147,Banan Eko,94232,31.9,0.79,kg,25.04
147,Bärkasse papper,2,3.5,1.0,st,3.5
147,Gul lök ICA,4666,18.9,0.36,kg,6.9
147,Handtvål peach,7318690512318,10.9,1.0,st,10.9
147,Kulörtvätt,7318690101154,13.9,1.0,st,13.9
147,Kycklingfile,2307115100000,79.9,0.4,kg,31.8
147,Mozzarella,7350027795520,10.0,4.0,st,40.0
147,Nypr Apelsinjuice,7318690170419,20.9,1.0,st,19.9
147,Ravioli Brasato,8001665724968,24.9,1.0,st,24.9
147,Standardmjölk 3%,7318690115144,11.9,3.0,st,35.7
147,Vetelevain,7318690501657,24.9,1.0,st,24.9
148,Blåbärspaj,7310890201191,38.9,1.0,st,38.9
148,Bärkasse papper,2,3.5,1.0,st,3.5
148,Creme Fraiche,7318690140436,32.9,1.0,st,32.9
148,Entrecôte,2330078000000,199.0,0.47,kg,94.53
148,Salladsost,7350113940438,10.0,1.0,st,10.0
148,Standardmjölk 3%,7318690115144,11.9,3.0,st,35.7
148,Vetelevain,7318690501657,24.9,1.0,st,24.9
148,Ägg M 18pack,7392964188935,52.9,1.0,st,52.9
149,AXA Havregryn,7310130321085,30.9,1.0,st,30.9
149,Banan Eko,94232,31.9,0.58,kg,18.66
149,Mozzarella,7318690079873,13.9,2.0,st,27.8
149,Ryggbiff Irland,2328015000000,179.0,0.5,kg,89.32
149,Standardmjölk 3%,7318690115144,11.9,4.0,st,47.6
150,Banan Chiquita,4011,28.9,1.09,kg,31.5
150,Bärkasse papper,2,3.5,1.0,st,3.5
150,Entrecôte,2330078000000,199.0,0.5,kg,99.9
150,Koffeinfri,5000112654264,12.0,1.0,st,23.9
150,Majskycklingfilé,2307116700000,89.0,0.4,kg,35.42
150,Majskycklingfilé,2307116700000,89.0,0.38,kg,34.0
150,Mozzarella,7318690079873,11.12,1.0,st,13.9
150,Mozzarella,7318690079873,13.9,1.0,st,13.9
150,Närvärpt ägg 30-pck,7350078576314,69.9,1.0,st,69.9
150,Potato Pops Cheese,7311312007728,7.5,1.0,st,24.9
150,Potatopops Lök,7311312007858,7.5,1.0,st,24.9
150,Rostbiff bit nöt,2320263500000,129.0,0.94,kg,120.74
150,Standardmjölk 3%,7318690115144,11.9,3.0,st,35.7
150,Vetelevain,7318690501657,24.9,1.0,st,24.9
151,Bacon,7318690177814,8.33,3.0,st,30.0
151,Banan Chiquita,4011,28.9,0.71,kg,20.52
151,Entrecotekorv Chim,7300200438003,15.0,1.0,st,15.0
151,Fink Hush.salt Jod,7311631500603,13.9,1.0,st,13.9
151,Kycklingbröstfilé,2307116100000,99.0,1.17,kg,115.93
151,Standardmjölk 3%,7318690115144,11.9,2.0,st,23.8
151,Sv Smör NS 82%,7310865005151,79.9,1.0,st,79.9
151,Vatten Päron/Äpple,7318690161882,8.9,1.0,st,6.9
152,AXA Havregryn,7310130321085,30.9,1.0,st,30.9
152,Bacon,7318690177814,8.33,6.0,st,60.0
152,Bad&Toalettpapper,7318690046905,33.9,1.0,st,33.9
152,Celsius Hall/Acai,7350058331704,21.0,1.0,st,23.9
152,Energidr Citr/Lime,7350058331100,21.0,1.0,st,23.9
152,Pizza Capricciosa,7318690144618,49.9,1.0,st,49.9
152,Ryggbiff,2330072100000,169.0,0.41,kg,68.95
152,Standardmjölk 3%,7318690115144,11.9,3.0,st,35.7
153,Levain,7311070008159,29.9,1.0,st,29.9
153,Standardmjölk 3%,7318690115144,11.9,3.0,st,35.7
153,Svea Elbrygg,7310760012919,62.9,1.0,st,62.9
153,Vatten Mandarin,7318690507796,8.9,1.0,st,6.9
153,Vatten Päron/Äpple,7318690161882,8.9,1.0,st,6.9
154,Banan Chiquita,4011,28.9,0.34,kg,9.68
154,Bara Yog Fru Bl/Bj,7310867531313,12.9,1.0,st,12.9
154,Biff m kappa bit,2373761300000,139.0,0.95,kg,131.77
154,Bärkasse papper,2,3.9,1.0,st,3.9
154,Chokladmjölk 0.5%,5711953169854,15.0,1.0,st,15.0
154,ICA Merpack Äpple,7318690489788,13.0,1.0,st,13.0
154,Kola choc toff Rie,4014400902495,10.0,1.0,st,21.9
154,Kulörtvätt,7318690101154,14.9,1.0,st,14.9
154,Lunchkorv 4-pack,7300300045842,24.9,1.0,st,24.9
154,Mozzarella,7318690079873,13.9,3.0,st,41.7
154,Nyhet v3 2024,7340131603682,21.0,2.0,st,47.8
154,Standardmjölk 3%,7318690115144,11.9,2.0,st,23.8
154,Vatten Päron/Äpple,7318690161882,8.9,1.0,st,6.9
155,Blåbärspaj,7310890201191,38.9,1.0,st,38.9
155,Grillad kebab,7350064540473,69.9,1.0,st,69.9
155,Hela tomater,7318690082415,8.9,2.0,st,17.8
155,Kallrökt skivad lax,7331147138558,28.95,1.0,st,57.9
155,Krossade tomater,7318690514602,10.0,4.0,st,51.6
155,Potatis fast,4834,14.9,1.35,kg,20.19
155,Svamp Champinjon,4645,60.9,0.21,kg,13.09
155,Vatten Päron/Äpple,7318690161882,8.9,2.0,st,13.8
155,YES Original,8006540956663,35.9,1.0,st,35.9
156,Banan Eko,94232,32.9,0.29,kg,9.71
156,Cott cheese nat 4%,7318690104261,28.9,2.0,st,57.8
156,Creme Fraiche,7318690140436,33.9,1.0,st,33.9
156,Daim kaka,7622201056643,19.9,1.0,st,19.9
156,Fingers,7622201679040,14.9,1.0,st,25.9
156,Kycklingköttbullar,7318690508908,24.9,1.0,st,24.9
156,Lammkorv,7340063013702,39.9,1.0,st,39.9
156,Saffransdrömmar,7314710720084,10.0,1.0,st,10.0
156,Standardmjölk 3%,7318690115144,11.9,2.0,st,23.8
156,Troc Gel.Ha Zero B,7310401052441,6.0,2.0,st,10.0
157,Banan Chiquita,4011,28.9,0.36,kg,10.4
157,Bärkasse papper,2,3.9,1.0,st,3.9
157,Dimma,7350146811576,17.0,2.0,st,45.8
157,Frisco Hamb.bröd,7311379536292,25.9,1.0,st,25.9
157,Hamburgare Bacon,7318690046097,39.9,1.0,st,39.9
157,Kola choc toff Rie,4014400902495,10.0,1.0,st,21.9
157,Lök gul 1kg,7392304211248,15.0,1.0,st,15.0
157,Lök röd,4082,25.9,0.14,kg,3.76
157,Lövbiff,2330078600000,149.0,0.52,kg,77.93
157,Mellanmjölk 1.5%,7318690115151,11.9,2.0,st,23.8
157,Olivolja Eko,8024460150534,89.0,1.0,st,89.0
157,Parmigiano Reggiano,8000430395686,99.0,1.0,st,99.0
157,Svamp Champinjon,4645,63.9,0.33,kg,20.77
157,Vatten Mandarin,7318690507796,8.9,1.0,st,6.9
158,Banan Chiquita,4011,28.9,0.27,kg,7.8
158,Fettuccine,8076809523776,14.9,1.0,st,14.9
158,GodM Äpplejuice,7310865081650,29.9,1.0,st,29.9
158,Kycklingfilé,7330817832628,72.9,1.0,st,72.9
158,Levain,7311070008159,32.9,1.0,st,32.9
158,Mellanmjölk 1.5%,7318690115151,11.9,2.0,st,23.8
159,Banan Chiquita,4011,28.9,0.66,kg,18.93
159,Koffeinfri,5000112654264,14.9,1.0,st,12.9
159,Matchkorv,7318690505778,21.9,1.0,st,21.9
159,Mozzarella,7318690079873,13.9,1.0,st,13.9
159,Norrland B,7350146810234,17.0,1.0,st,22.9
159,Norrsken äpple B,7340195404980,17.0,1.0,st,22.9
159,Standardmjölk 3%,7318690115144,11.9,2.0,st,23.8
159,Äpplejuice,7310865081650,29.9,1.0,st,29.9
160,Bärkasse papper,2,3.9,1.0,st,3.9
160,Cott cheese nat 4%,7318690104261,28.9,3.0,st,86.7
160,Gul Lök 500g,7318693359286,17.9,1.0,st,17.9
160,Koffeinfri,5000112654264,14.9,1.0,st,12.9
160,Kycklinginnerfilé,7313940012792,59.9,1.0,st,59.9
160,Makrill 3-pack,7350022560826,39.9,2.0,st,79.8
160,Mozzarella 100gr,8004603100831,8.9,3.0,st,44.7
160,Paprika Röd,4688,45.0,0.27,kg,12.15
160,Standardmjölk 3%,7318690115144,11.9,1.0,st,11.9
161,Banan Chiquita,4011,28.9,0.56,kg,16.33
161,Fransyska nät vac,2319117000000,129.0,1.18,kg,151.96
161,Levain,7311070008159,32.9,1.0,st,32.9
161,Pepparsalami,7100,99.0,1.0,st,99.0
161,Standardmjölk 3%,7318690115144,11.9,3.0,st,35.7
162,Berthåga honung,7332870046516,59.9,1.0,st,59.9
162,Blåbärspaj,7310890201191,38.9,1.0,st,38.9
162,Cott cheese nat 4%,7318690104261,28.9,3.0,st,86.7
162,Frisco Hamb.bröd,7311379536292,25.9,1.0,st,25.9
162,Hamburgare origin,7318690042198,49.9,1.0,st,49.9
162,Havregryn,7310130321085,32.9,1.0,st,32.9
162,Klass vaniljsås,5711953147746,24.9,1.0,st,24.9
162,Lök röd,4082,25.9,0.09,kg,2.33
162,Standardmjölk 3%,7318690115144,11.9,2.0,st,23.8
162,Tandb Max Wh Med,8714789417066,11.0,1.0,st,25.9
163,Bacon,7318690177821,33.52,1.0,st,41.9
163,Färskkorv Kolbasz,7300209556005,34.9,1.0,st,34.9
163,Handtvål Aloe,7318690512301,10.9,1.0,st,10.9
163,Laxpudding,7318690051862,39.9,1.0,st,39.9
163,Prob Rasberry,7350021423184,8.9,1.0,st,17.9
163,Smör Normalsaltat,7318690052678,50.9,1.0,st,50.9
164,Banan Chiquita,4011,28.9,0.81,kg,23.26
164,Crispy Pear BCAA,7350021425812,8.9,1.0,st,17.9
164,Frisco Hamb.bröd,7311379536292,25.9,1.0,st,25.9
164,Hamburgare origin,7318690042198,49.9,1.0,st,49.9
164,Hushållsduk 10p,4023103222984,37.5,1.0,st,37.5
164,Kycklingfilé,7330817832628,72.9,2.0,st,145.8
164,Lök,7318693356339,18.9,1.0,st,18.9
164,Lök röd,4082,25.9,0.09,kg,2.33
164,Standardmjölk 3%,7318690115144,11.9,2.0,st,23.8
164,Äppelpaj,7310890201030,35.9,1.0,st,35.9
165,Avfallspåse 30L,7313130180621,20.0,2.0,st,47.0
165,Banan Chiquita,4011,28.9,0.65,kg,18.79
165,Choklad Ljus Nouga,8717677336630,24.9,1.0,st,24.9
165,eco Kokosolja,7318690127611,49.9,1.0,st,49.9
165,Frisco Hamb.bröd,7311379536292,25.9,1.0,st,25.9
165,Hamburgare origin,7318690042198,49.9,1.0,st,49.9
165,Standardmjölk 3%,7318690115144,11.9,3.0,st,35.7
165,Syrad rödkål,7393853141109,39.9,1.0,st,39.9
166,Levain,7311070008159,32.9,1.0,st,32.9
166,Standardmjölk 3%,7318690115144,11.9,1.0,st,11.9
166,Vatten Jordg/Rabar,7318690162162,12.9,1.0,st,10.9
167,Banan Chiquita,4011,26.9,1.22,kg,32.82
167,Biskopsost 30%,2386660100000,69.9,0.73,kg,50.96
167,Energi S.fri B,9002490215415,15.0,2.0,st,33.8
167,Halloumi,7350027794530,24.9,1.0,st,42.9
167,Levain,7311070008159,32.9,1.0,st,32.9
167,Minutstrimlor,2332812100000,117.0,0.56,kg,65.52
167,Standardmjölk 3%,7318690115144,11.9,2.0,st,23.8
167,Ägg 15-pack frigåe,7392964158938,42.9,1.0,st,42.9
167,Äpplejuice,7310865081650,29.9,1.0,st,29.9
168,Bad&Toalettpapper,7318690046905,33.9,1.0,st,33.9
168,Basmati ris,7350106060242,165.9,1.0,st,165.9
168,Blåbärspaj,7310890201191,38.9,1.0,st,38.9
168,Cott cheese nat 4%,7318690104261,28.9,1.0,st,28.9
168,Frisco Hamb.bröd,7311379536292,25.9,1.0,st,25.9
168,Halloumi,7350027794530,24.9,1.0,st,42.9
168,Hamburgare tex-mex,7318690069553,44.9,1.0,st,44.9
168,Lök röd,4082,25.9,0.07,kg,1.94
168,Standardmjölk 3%,7318690115144,11.9,2.0,st,23.8
168,Vittvätt pulver,7318690130840,27.9,1.0,st,27.9
169,Banan Chiquita,4011,28.9,0.7,kg,20.23
169,BELLY LAXLOIN,7071322968111,39.9,1.0,st,39.9
169,Energi Frost B,7350146810203,11.0,1.0,st,22.9
169,Havregryn,7310130321085,32.9,1.0,st,32.9
169,Lök,7318693356339,18.9,1.0,st,18.9
169,Ryggbiff Irland,2328015000000,159.0,0.64,kg,101.28
169,Standardmjölk 3%,7318690115144,11.9,1.0,st,11.9
170,Bacon,7318690177814,10.0,5.0,st,74.5
170,Banan Chiquita,4011,28.9,0.65,kg,18.64
170,Biskop premium,2386665400000,69.9,0.79,kg,55.08
170,Cott cheese nat 4%,7318690104261,28.9,2.0,st,57.8
170,Fast potatis,7332205221205,34.9,1.0,st,34.9
170,Feta,7350002402658,19.9,1.0,st,27.9
170,Fransyska i bit,2372722300000,129.0,0.78,kg,101.14
170,Morot,7318690046790,16.9,1.0,st,16.9
170,Oreo Creme,7622201637699,19.9,2.0,st,39.8
170,Standardmjölk 3%,7318690115144,11.9,3.0,st,35.7
171,Banan Chiquita,4011,28.9,0.77,kg,22.25
171,Frisco Hamb.bröd,7311379536292,25.9,1.0,st,25.9
171,Hamburgare tex-mex,7318690069553,39.9,1.0,st,39.9
171,Kaffe Original,7310050001043,48.9,1.0,st,48.9
171,Kamomillte,7318690014355,15.9,1.0,st,15.9
171,Kulörtvätt,7318690101154,14.9,1.0,st,14.9
171,Kyckl.file,2332804000000,109.0,0.85,kg,135.63
171,Levain,7311070008159,32.9,1.0,st,32.9
171,Lök röd,4082,25.9,0.1,kg,2.46
171,Mozzarella,7318690127086,12.0,1.0,st,16.9
171,Mozzarella,7318690127086,15.0,1.0,st,16.9
171,Oreo Creme,7622201637699,19.9,1.0,st,19.9
171,Standardmjölk 3%,7318690115144,11.9,3.0,st,35.7
172,Blåbärspaj,7310890201191,38.9,1.0,st,38.9
172,Crispy Pear BCAA,7350021425812,8.9,1.0,st,17.9
172,Energi Frost B,7350146810203,11.0,1.0,st,22.9
172,Lappland B,7350146810234,11.0,1.0,st,22.9
172,Oreo Creme,7622201637699,19.9,1.0,st,19.9
172,Potatisstöt,7332462077256,61.9,1.0,st,61.9
172,Solsken B,7350146810395,11.0,1.0,st,22.9
172,Vitpeppar Malen,7311311004810,11.0,1.0,st,11.0
173,Bacon,7318690177814,14.9,3.0,st,44.7
173,Banan Chiquita,4011,28.9,0.52,kg,14.88
173,Cott cheese nat 4%,7318690104261,28.9,1.0,st,28.9
173,Creme Fraiche,7318690140436,33.9,1.0,st,33.9
173,Juicy Ruby,7340131603620,14.9,1.0,st,13.9
173,Lövbiff,2330072500000,159.0,0.51,kg,81.25
173,Mango del sol B,7340131602135,14.9,1.0,st,13.9
173,Morot,7350036730031,12.0,1.0,st,12.0
173,Rostbiff skivad,2319258900000,159.0,0.41,kg,65.99
173,Standardmjölk 3%,7318690115144,11.9,3.0,st,35.7
173,Taco Spice Mix,7311310031015,4.99,10.0,st,119.0
174,Bacon,7318690508779,11.9,1.0,st,11.9
174,Banan Chiquita,4011,24.9,0.48,kg,11.95
174,Fransyska i bit,2372722300000,129.0,1.02,kg,131.32
174,Rostbiff skivad,2319258900000,159.0,0.26,kg,41.66
174,Standardmjölk 3%,7318690115144,11.9,4.0,st,47.6
175,Bad&Toalettpapper,7318690046905,33.9,1.0,st,33.9
175,Bärkasse papper,2,3.9,1.0,st,3.9
175,Halloumi,7350146430074,25.0,1.0,st,25.0
175,Levain,7311070008159,32.9,1.0,st,32.9
175,Mozzarella,7318690079873,13.9,3.0,st,41.7
175,Orange Rush B,7350058335696,11.0,1.0,st,23.9
175,Potatis fast,4834,19.9,1.65,kg,32.84
175,Strawberry Lem B,7350058335597,11.0,1.0,st,23.9
176,Banan Chiquita,4011,25.9,0.47,kg,12.3
176,Bullar,9009,10.9,1.0,st,10.9
176,Cherry,5000112637991,11.0,2.0,st,21.8
176,Handdisk skogsbris,7318690158462,25.9,1.0,st,25.9
176,Kärleksmums,2499,8.9,1.0,st,8.9
176,Paprikamix,7311041045091,20.0,1.0,st,20.0
176,Ringmunk,9010,8.9,1.0,st,8.9
176,Rostbiff i bit,2372791400000,169.0,0.93,kg,156.49
176,Standardmjölk 3%,7318690115144,11.9,2.0,st,23.8
177,Banan Chiquita,4011,25.9,0.78,kg,20.2
177,Bikarbonat,7311311004537,8.9,1.0,st,8.9
177,Cott cheese nat 4%,7318690104261,28.9,2.0,st,57.8
177,Entrecote bit nöt,2320258600000,199.0,0.86,kg,171.74
177,Grekisk salladsost,7350002402702,12.5,2.0,st,45.8
177,Handtvål Aloe,7318690512301,10.9,1.0,st,10.9
177,Havregryn,7310130321085,32.9,1.0,st,32.9
177,Potatis fast,4834,19.9,1.29,kg,25.67
177,Standardmjölk 3%,7318690115144,11.9,2.0,st,23.8
177,Vaniljglass LF,6430048448115,29.9,1.0,st,29.9
178,Banan Chiquita,4011,25.9,0.3,kg,7.77
178,Blåbärspaj,7310890201191,34.9,1.0,st,34.9
178,Cott cheese nat 4%,7318690104261,28.9,1.0,st,28.9
178,Högrev,2372733800000,149.0,0.85,kg,126.65
178,Levain,7311070008159,40.9,1.0,st,40.9
178,Standardmjölk 3%,7318690115144,11.9,3.0,st,35.7
178,Tandb Gold Soft,8718951122758,19.9,1.0,st,19.9
179,Bacon,7318690177821,41.9,1.0,st,41.9
179,Banan Chiquita,4011,25.9,0.4,kg,10.36
179,Chokladmjölk UTS,7318690502098,12.9,1.0,st,12.9
179,Morot,7350036730031,10.62,1.0,st,16.9
179,Orange Rush B,7350058335696,13.9,1.0,st,23.9
179,Paprika Röd,4688,42.9,0.35,kg,15.02
179,Potatis fast,7318690186120,14.38,1.0,st,22.9
179,Potatis fast,7318690186120,22.9,1.0,st,22.9
179,Rostbiff,2330045600000,149.0,1.07,kg,159.28
179,Standardmjölk 3%,7318690115144,11.9,2.0,st,23.8
179,Ägg 15-pack frigåe,7392964158938,42.9,1.0,st,42.9
180,Banan Chiquita,4011,25.9,0.37,kg,9.58
180,Bärkasse papper,2,3.9,1.0,st,3.9
180,Cott cheese nat 4%,7318690104261,28.9,2.0,st,57.8
180,Frisco Hamb.bröd,7311379536292,25.9,1.0,st,25.9
180,Hamburgare Folke,7318690516422,42.9,1.0,st,42.9
180,Kvarg naturell,7392672003780,32.9,1.0,st,32.9
180,Lök,7318693356339,15.9,1.0,st,15.9
180,Lök röd,4082,22.9,0.15,kg,3.55
180,Roslagsgrill storpa,7340063016307,79.0,1.0,st,79.0
180,Standardmjölk 3%,7318690115144,11.9,3.0,st,35.7
180,Svenska Blåbär,7318690491170,82.9,1.0,st,82.9
180,Tomatpure tub,7318690031598,16.9,1.0,st,16.9
180,Vatten Päron/Äpple,7318690161882,11.0,1.0,st,10.9
180,Vatt Hallon/Grape,7318690162100,11.0,1.0,st,10.9
181,Frisco Hamb.bröd,7311379536292,25.9,1.0,st,25.9
181,Hamburgare tex-mex,7318690069553,39.9,1.0,st,39.9
181,Makrill i tomats,7318690185277,37.5,2.0,st,83.8
181,Standardmjölk 3%,7318690115144,11.9,2.0,st,23.8
181,Tortellini ski&ost,8001665128681,24.5,1.0,st,46.9
181,Tortelloni Ricotta,8001665128674,24.5,1.0,st,46.9
181,Vatten Jordg/Rabar,7318690162162,11.0,1.0,st,10.9
181,Vatten Päron/Äpple,7318690161882,11.0,1.0,st,10.9
181,Whey-80 Jordgubb,7350049150833,248.9,1.0,st,248.9
181,XJungfru Delicato,8005510001549,122.9,1.0,st,122.9
182,Bacon,7318690177821,39.9,1.0,st,39.9
182,Banan Chiquita,4011,24.9,1.12,kg,27.89
182,Berthåga honung,7332870046516,59.9,1.0,st,59.9
182,Biskopsost Brän31%,2386660200000,74.9,0.76,kg,56.85
182,Cookies mjölkchokl,7622300589882,24.9,1.0,st,24.9
182,Cottage Cheese Van,7310865889157,35.9,1.0,st,35.9
182,Creme Fraiche,7318690140436,34.9,1.0,st,34.9
182,Häagen Dazs Duo,3415582300924,24.9,1.0,st,24.9
182,Kexchoklad 8-pack,7310350118359,39.9,1.0,st,60.9
182,Kvarg naturell,7392672003780,32.9,1.0,st,32.9
182,Kyckl.file,2332804000000,109.0,0.96,kg,145.26
182,Mozzarella,7350027795520,14.9,3.0,st,44.7
182,Soft Inside,7622201636807,24.9,1.0,st,24.9
182,Standardmjölk 3%,7318690115144,11.9,1.0,st,11.9
183,Banan Chiquita,4011,24.9,0.64,kg,15.94
183,Cookies mjölkchokl,7622300589882,24.9,1.0,st,24.9
183,Cott cheese nat 4%,7318690104261,28.9,1.0,st,28.9
183,Fransyska nät vac,2319117000000,89.9,0.96,kg,86.66
183,Gran Dia Brygg,7310760012315,62.9,1.0,st,62.9
183,Grekisk salladsost,7350002402702,17.0,2.0,st,45.8
183,Havssalt,7622201099374,19.9,1.0,st,19.9
183,Kyckl.file,2332804000000,109.01,1.02,kg,153.42
183,Levain,7311070008159,40.9,1.0,st,40.9
183,Potatis färsk,7318690051596,15.0,2.0,st,30.0
183,Soft Inside,7622201636807,24.9,1.0,st,24.9
183,Standardmjölk 3%,7318690115144,11.9,3.0,st,35.7
183,Svartpeppar hel,7311311004865,11.0,1.0,st,11.0
184,Banan Chiquita,4011,24.9,0.42,kg,10.58
184,Bärkasse papper,2,3.9,1.0,st,3.9
184,Gr.äpp/Lime ÅP,7318690489801,11.0,1.0,st,10.9
184,Havregryn,7310130321283,24.9,1.0,st,24.9
184,Kvarg naturell,7392672003780,32.9,1.0,st,32.9
184,Standardmjölk 3%,7318690115144,11.9,3.0,st,35.7
184,Svenska Blåbär,7318690491170,82.9,1.0,st,82.9
184,Vatten Päron/Äpple,7318690161882,11.0,1.0,st,10.9
185,Banan Chiquita,4011,24.9,0.97,kg,24.28
185,Cookies mjölkchokl,7622300589882,24.9,1.0,st,24.9
185,Energi S.fri B,9002490215415,15.0,2.0,st,33.8
185,Flapsteak,2330063300000,132.0,0.72,kg,95.7
185,Handtvål Aloe,7318690512301,10.9,1.0,st,10.9
185,Kvarg naturell,7392672003780,33.9,1.0,st,33.9
185,Mahmood Sella,8680417214232,190.9,1.0,st,190.9
185,Majslårfilé 8-pack,2307139100000,79.9,0.87,kg,69.43
185,Potatis fast,4728,16.9,1.5,kg,25.35
185,Standardmjölk 3%,7318690115144,11.9,1.0,st,11.9
186,Bacon,7318690177821,39.9,1.0,st,39.9
186,Cott cheese nat 4%,7318690104261,29.9,2.0,st,59.8
186,Creme Fraiche,7318690140436,34.9,1.0,st,34.9
186,Daily Brew Vanilla,5711953161643,17.9,1.0,st,17.9
186,Energi Frost B,7350146810203,17.0,1.0,st,22.9
186,Energi S.fri B,9002490215415,15.0,2.0,st,33.8
186,Hallon Rab ÅP,7310401052625,13.0,1.0,st,12.9
186,Loka Citron,7310401000053,13.0,1.0,st,12.9
186,Majskyckl.lårfilé,2307139100000,79.9,0.87,kg,69.19
186,Norrsken äpple B,7340195404980,17.0,1.0,st,22.9
186,Standardmjölk 3%,7318690115144,11.9,1.0,st,11.9
187,Banan Chiquita,4011,24.9,1.25,kg,31.25
187,Energdr Jungle V B,7350058336082,16.0,1.0,st,15.0
187,ICA Bad&Toa 6-p,7318690046905,32.9,1.0,st,32.9
188,Banan Chiquita,4011,24.9,0.78,kg,19.3
188,Cott cheese nat 4%,7318690104261,29.9,1.0,st,29.9
188,Frisco Hamb.bröd,7311379536292,25.9,1.0,st,25.9
188,Hamburgare Bacon,7318690046097,32.9,1.0,st,32.9
188,Lök röd,4082,21.9,0.09,kg,1.86
188,Standardmjölk 3%,7318690115144,11.9,1.0,st,11.9
189,Berthåga honung,7332870046516,59.9,1.0,st,59.9
189,Coconut water,7350021422194,19.9,1.0,st,29.9
189,Friggs Ört-Te 25p,7310186023650,23.9,1.0,st,23.9
189,Kycklinglårfilé,2307136100000,89.0,0.92,kg,81.88
189,Kycklinglårfilé,2307136100000,89.0,0.97,kg,86.42
189,Loka Citron,7310401000053,13.0,1.0,st,12.9
189,Loka Hallon Rab,7310401052625,13.0,1.0,st,12.9
189,Morot små ICA,7318693360336,10.9,1.0,st,10.9
189,Te chai,7318690102366,15.9,1.0,st,15.9
189,Ört te-Kvällsro,7310186023551,23.9,1.0,st,23.9
190,Bacon,7318690177821,39.9,1.0,st,39.9
190,Guacamole,7318690174646,21.9,1.0,st,21.9
190,Köttbullar o mos,7318690515999,29.9,1.0,st,29.9
190,Mozzarella,7318690079873,13.9,2.0,st,27.8
190,Standardmjölk 3%,7318690115144,11.9,1.0,st,11.9
190,Svenska Blåbär,7318690491170,83.9,1.0,st,83.9
191,Creme fraiche 32%,7310865003775,37.9,1.0,st,37.9
191,Gyll Havregryn,7310130321283,24.9,1.0,st,24.9
191,Kielbasa,7340063010800,34.9,1.0,st,34.9
191,Morot små ICA,7318693360336,10.9,1.0,st,10.9
191,Standardmjölk 3%,7318690115144,11.9,1.0,st,11.9
192,Kielbasa,7340063010800,34.9,2.0,st,69.8
192,Korvbröd 16-pack,7311379532058,25.9,1.0,st,25.9
192,Tomatketchup,87157635,22.9,1.0,st,22.9
193,Banan Eko,94232,28.9,0.55,kg,15.9
193,Flapsteak,2330063300000,109.0,0.75,kg,81.75
193,Fransyska nät vac,2319117000000,89.9,0.87,kg,78.03
193,Halloumi,6416710301407,19.9,1.0,st,19.9
193,Levain,7311070008159,24.9,1.0,st,40.9
193,Standardmjölk 3%,7318690115144,11.9,1.0,st,11.9
193,Ägg 15-pack frigåe,7392964158938,42.9,1.0,st,42.9
194,Banan Chiquita,4011,23.5,0.6,kg,14.94
194,Chokladkaka sea sa,7622300544010,16.99,2.0,st,55.8
194,Cookies,7622300336738,20.67,1.0,st,26.9
194,Frisco Hamb.bröd,7311379536292,24.44,1.0,st,25.9
194,Hamburgare origin,7318690042198,30.12,1.0,st,39.9
194,Kokosolja EKO Virg,7350021422699,37.67,1.0,st,69.9
194,Lök röd,4082,20.63,0.1,kg,2.08
194,Pizza Capricciosa,7350060704411,30.1,1.0,st,31.9
194,Pizza Salami,7350060704404,30.1,1.0,st,31.9
194,Potatis färsk,7318690051596,14.16,2.0,st,47.8
195,Banan Chiquita,4011,24.9,0.76,kg,18.8
195,Bärkasse papper,2,3.9,1.0,st,3.9
195,Chokladkaka sea sa,7622300544010,13.0,2.0,st,55.8
195,Cott cheese nat 4%,7318690104261,29.9,1.0,st,29.9
195,Kulörtvätt,7318690101154,14.9,1.0,st,14.9
195,Kvarg naturell,7392672003780,33.9,1.0,st,33.9
195,Morot små ICA,7318693360336,11.9,1.0,st,11.9
195,Pizza Capricciosa,7350060704411,31.9,2.0,st,63.8
195,Riven ost,7318690117261,51.9,1.0,st,51.9
195,Salladsost,7318690082286,21.9,1.0,st,21.9
195,Salted Caramel,3415581114928,29.9,1.0,st,29.9
195,Standardmjölk 3%,7318690115144,11.9,2.0,st,23.8
195,Vitvinsvinäger,7318690089766,10.0,1.0,st,10.0
196,Basturökt skinka,7350046676572,12.9,2.0,st,25.8
196,ost-chiaruta 90g,9005,5.9,1.0,st,5.9
196,Proteinmjölk blåb,7310865093981,17.9,1.0,st,17.9
197,Avfallspåse 30L,7313130180621,20.0,2.0,st,49.0
197,Basturökt skinka,7350046676572,12.9,1.0,st,12.9
197,Bärkasse papper,2,3.9,1.0,st,3.9
197,Chili cheddar grill,7340063012804,39.9,1.0,st,39.9
197,chips Tryffelmajon,7340005406449,11.0,1.0,st,28.9
197,Flytande Handtvätt,7046110315347,45.9,1.0,st,45.9
197,Gifflar Raspberry,7311070006339,21.9,1.0,st,21.9
197,Gyll Havregryn,7310130321283,24.9,1.0,st,24.9
197,Halloumi,6416710301407,19.9,1.0,st,19.9
197,ICA B Sm&bak ark24,7318690085034,12.9,1.0,st,12.9
197,Klorrent,5701017415539,19.9,1.0,st,19.9
197,Litchi Lemonade,7313619002161,27.9,1.0,st,26.9
197,Standardmjölk 3%,7318690115144,11.9,2.0,st,23.8
197,Svenska Blåbär,7318690491170,83.9,1.0,st,83.9
197,Ugn/Grill Cleaner,5701098051169,31.9,1.0,st,31.9
197,YES Original,8006540956663,34.9,1.0,st,34.9
198,Banan Chiquita,4011,24.9,0.7,kg,17.43
198,Dijonsenap,7318690094739,23.9,1.0,st,23.9
198,Gullök påse,7350076437709,10.0,1.0,st,10.0
198,Kycklingbröstfilé,2307116100000,99.0,0.85,kg,84.35
198,Mellanmjölk 1.5%,7318690115151,11.9,1.0,st,11.9
199,Banan Chiquita,4011,24.9,0.78,kg,19.3
199,Flanksteak,2328018900000,119.0,0.68,kg,80.92
199,Gifflar Raspberry,7311070006339,21.9,1.0,st,21.9
199,Halloumi,6416710301407,24.9,1.0,st,24.9
199,Kycklingbröstfilé,2307116100000,99.0,1.03,kg,102.07
199,Levain,7311070008159,40.9,1.0,st,40.9
199,Lätt Creme Fraiche,7318690140412,30.9,1.0,st,30.9
199,Makrill i tomats,7318690185277,37.5,2.0,st,89.8
199,Mellanmjölk 1.5%,7318690115151,11.9,2.0,st,23.8
199,Morot små ICA,7318693360336,12.9,1.0,st,12.9
199,Whey-80 Jordgubb,7350049150833,248.9,1.0,st,248.9
200,Energdr Jungle V B,7350058336082,16.0,1.0,st,15.0
200,Nivea Rakgel 200ml,4005808222933,39.9,1.0,st,39.9
200,Pasta Alfredo,7310500000404,24.9,1.0,st,24.9
200,Svarta vinbär,7310070006493,13.5,1.0,st,13.9
200,Vatten Päron,7310070004468,13.5,1.0,st,13.9
201,Bacon tärnad,7318690182412,10.0,1.0,st,10.0
201,Banan Chiquita,4011,22.9,0.76,kg,17.29
201,Basturökt skinka,7350046676572,12.9,1.0,st,12.9
201,Bärkasse papper,2,3.9,1.0,st,3.9
201,Cott cheese nat 4%,7318690104261,29.9,1.0,st,29.9
201,Feta,7350002402658,19.9,1.0,st,19.9
201,Flanksteak,2328018900000,119.0,0.64,kg,76.64
201,Kvarg naturell,7392672003780,33.9,1.0,st,33.9
201,Makrill i tomats,7318690185277,37.5,2.0,st,89.8
201,Mellanmjölk 1.5%,7318690115151,11.9,2.0,st,23.8
201,Morot små ICA,7318693360336,12.9,1.0,st,12.9
201,Orig näsduk box,5029053579160,21.9,1.0,st,21.9
201,Ägg 15-pack frigåe,7392964158938,42.9,1.0,st,42.9
202,Basturökt skinka,7350046676572,12.9,2.0,st,25.8
202,Grekisk lantfralla,2212,8.9,1.0,st,8.9
202,Proteinmjölk vani,7310865093998,17.9,1.0,st,17.9
203,Ananas äpp inge NS,7350000551396,24.9,1.0,st,24.9
203,Banan Chiquita,4011,22.9,0.79,kg,17.98
203,Bärkasse papper,2,3.9,1.0,st,3.9
203,Druva grön kf ICA,8906063130512,20.0,1.0,st,20.0
203,Fruktdryck Ape/Äpp,7310867563215,22.9,1.0,st,22.9
203,Götene Hushållsost,2340420600000,79.0,0.51,kg,40.13
203,Kycklingbröstfilé,7318690158257,119.0,1.0,st,119.0
203,Levain,7311070008159,40.9,1.0,st,40.9
203,Långrökt skinka,7312338009109,14.9,1.0,st,14.9
203,Mellanmjölk 1.5%,7318690115151,11.9,2.0,st,23.8
203,Mozzarella,7318690127086,10.0,1.0,st,10.0
203,Vitost hel bit 17%,5760466642019,12.9,2.0,st,25.8
204,Citron ICA,3182,6.9,1.0,st,6.9
204,Cott cheese nat 4%,7318690104261,29.9,1.0,st,29.9
204,Grekisk Yoghurt,7350056793023,36.9,1.0,st,36.9
204,Halloumi,6416710301407,24.9,1.0,st,24.9
204,Kvarg naturell,7392672003780,33.9,1.0,st,33.9
204,Kycklingfilé BBQ,7300328192009,89.0,1.0,st,89.0
204,Loka Päron 1.5l,7310401000091,14.9,1.0,st,12.9
204,Nötfärs 12%,7318690508991,57.9,1.0,st,57.9
204,Potatis fast,4728,15.9,1.62,kg,25.84
204,T-Bone Steak,7332456000901,89.0,1.0,st,89.0
205,Frisco Hamb.bröd,7311379536292,25.9,1.0,st,25.9
205,Hamb.ost m cheddar,7318690053736,26.9,1.0,st,26.9
205,Lök röd,4082,21.9,0.12,kg,2.63
205,Mellanmjölk 1.5%,7318690115151,11.9,1.0,st,11.9
205,Olivolja Classico,7316150670271,125.9,1.0,st,125.9
206,Bacon,7318690177821,39.9,1.0,st,39.9
206,Basturökt skinka,7350046676572,11.9,2.0,st,23.8
206,Bärkasse papper,2,3.9,1.0,st,3.9
206,Halloumi,6416710301407,24.9,1.0,st,24.9
206,Loka Hallon Rab,7310401052625,13.0,1.0,st,12.9
206,Mango Lime,7310401046785,13.0,1.0,st,12.9
206,Mellanmjölk 1.5%,7318690115151,11.9,1.0,st,11.9
207,Banan Chiquita,4011,22.9,0.7,kg,16.03
207,Bärkasse papper,2,3.9,1.0,st,3.9
207,Flaskborste 50mm,7313130162580,20.9,1.0,st,20.9
207,GodM Äpplejuice,7310865081650,29.9,1.0,st,29.9
207,Handtvål Aloe,7318690512301,10.9,1.0,st,10.9
207,ICA Bad&Toa 6-p,7318690046905,32.9,1.0,st,32.9
207,Kvarg naturell,7392672003780,33.9,2.0,st,67.8
207,Kycklingfilé 2del,2307122200000,89.0,0.99,kg,88.11
207,Levain,7311070008159,41.9,1.0,st,41.9
207,Mellanmjölk 1.5%,7318690115151,11.9,2.0,st,23.8
207,Morot små ICA,7318693360336,12.9,1.0,st,12.9
207,yog jordgubbe 0.2%,4016241050311,43.9,1.0,st,43.9
208,Basturökt skinka,7350046676572,12.9,1.0,st,12.9
208,Berthåga honung,7332870046516,59.9,1.0,st,59.9
208,Gourm Hamburgerbr,7311070008180,19.9,1.0,st,19.9
208,Hamburgare Bacon,7318690046097,34.9,1.0,st,34.9
208,Kulörtvätt,7318690101154,14.9,1.0,st,14.9
208,Lök röd,4082,21.9,0.1,kg,2.08
208,Mild Blue,5711953168116,10.0,1.0,st,10.0
208,Svenska Blåbär,7318690491170,83.9,1.0,st,83.9
208,Valätt 10%,2331641700000,69.9,0.69,kg,48.37
208,Viltfångad laxsida,7350013136931,49.9,1.0,st,49.9
208,Vätske Skogsbär,8445290143754,49.9,1.0,st,49.9
208,Ägg 15-pack,7392964157436,39.9,1.0,st,39.9
209,Banan Chiquita,4011,22.9,0.65,kg,14.89
209,Fettuccine,7318690513704,21.9,2.0,st,43.8
209,Färskkorv Folkeost,7318690516408,34.9,1.0,st,34.9
209,GodM Äpplejuice,7310865081650,29.9,1.0,st,29.9
209,Kvarg naturell,7392672003780,33.9,1.0,st,33.9
209,Mellanmjölk 1.5%,7318690115151,11.9,1.0,st,11.9
209,Platinum Original,8006540956571,24.9,1.0,st,48.9
209,Stockholms Lemonad,7350155160245,11.0,1.0,st,10.0
209,Viltfångad laxsida,7350013136931,49.9,1.0,st,49.9
210,Banan Chiquita,4011,22.9,0.35,kg,8.02
210,Classic Svea Elbry,7310760012919,62.9,1.0,st,62.9
210,Frisco Hamb.bröd,7311379536292,25.9,1.0,st,25.9
210,Hamburgare Folke,7318690516422,44.9,1.0,st,44.9
210,Kvarg naturell,7392672003780,33.9,1.0,st,33.9
210,Lök röd,4082,21.9,0.07,kg,1.64
210,Mellanmjölk 1.5%,7318690115151,11.9,1.0,st,11.9
210,Morot små ICA,7318693360336,18.9,1.0,st,18.9
210,Mozzarella,7350027795520,10.0,2.0,st,20.0
210,Potatis fast,4728,15.9,1.56,kg,24.88
210,Prästost 5-7m 31%,2386660400000,99.0,0.86,kg,85.34
210,Skavsårsplåster,7318690128106,44.9,1.0,st,44.9
210,Viltfångad laxsida,7350013136931,49.9,1.0,st,49.9
211,AVOKADO I NÄT,8713807005636,25.0,1.0,st,25.0
211,Kvarg naturell,7392672003780,33.9,2.0,st,67.8
211,Kycklingfilé,7330817832628,72.9,1.0,st,72.9
211,Lättmjölk 0.5%,7318690115168,11.9,1.0,st,11.9
211,Viltfångad laxsida,7350013136931,49.9,3.0,st,149.7
212,Banan Chiquita,4011,22.9,0.65,kg,14.89
212,Jordg Granatäpple,7310401042985,13.0,1.0,st,12.9
212,Lammfärs 20%,7318690509233,49.9,1.0,st,49.9
212,Levain,7311070008159,24.9,1.0,st,41.9
212,Loka Citron,7310401000053,13.0,1.0,st,12.9
213,Banan Chiquita,4011,22.9,0.81,kg,18.55
213,Basturökt skinka,7350046676572,12.9,2.0,st,25.8
213,Energdr Berruba,7340131603781,21.0,1.0,st,23.9
213,Jordgubb Vanilj gla,6430048448405,24.9,1.0,st,24.9
213,Kvarg blåbär,4016241050540,41.9,2.0,st,83.8
213,Kvarg vanilj 0.2%,4016241050526,41.9,1.0,st,41.9
213,Mellanmjölk 1.5%,7318690115151,11.9,2.0,st,23.8
213,Morot små ICA,7318693360336,18.9,1.0,st,18.9
213,Potatis fast,4728,15.9,1.09,kg,17.41
213,RedB Energi S.fri,9002490215415,15.0,2.0,st,33.8
213,Summer 2,7340131603804,21.0,1.0,st,23.9
213,Vittvätt pulver,7318690101185,14.9,1.0,st,14.9
214,Babyplommon tomat,8435320605017,10.0,1.0,st,10.0
214,Basturökt skinka,7350046676572,12.9,1.0,st,12.9
214,Fresh Soda,7350089431213,12.0,1.0,st,11.0
214,Grp art Chark,17960,21.9,1.0,st,21.9
214,Ice Tea Peach&Love,7310090394167,34.9,1.0,st,33.9
214,Nötfärs 12%,7318690508991,57.9,1.0,st,57.9
214,Ägg 15-pack frigåe,7392964158938,42.9,1.0,st,42.9
215,Grill kyckling stp,7350025540047,21.9,1.0,st,21.9
215,Handtvål Aloe,7318690512301,10.9,1.0,st,10.9
215,Kvarg naturell,7392672003780,33.9,1.0,st,33.9
215,Levain,7311070008159,41.9,1.0,st,41.9
215,Mellanmjölk 1.5%,7318690115151,11.9,2.0,st,23.8
215,Nötstek,2330076900000,109.0,1.12,kg,121.97
215,Tomat röd kvist,4664,26.9,1.36,kg,36.58
216,Babyplommon tomat,8436534684850,24.0,1.0,st,24.0
216,Banan Chiquita,4011,22.9,0.37,kg,8.47
216,Dubbelnougat,7622210865335,4.5,4.0,st,43.6
216,Frisco Hamb.bröd,7311379536292,22.9,1.0,st,22.9
216,Kvarg naturel 0.2%,5711953153846,42.9,2.0,st,85.8
216,Lök röd,4082,21.9,0.07,kg,1.64
216,Mellanmjölk 1.5%,7318690115151,11.9,2.0,st,23.8
216,Mozzarella,7318690079873,13.9,2.0,st,27.8
216,Smörkola & Crunch,6430048449464,15.0,1.0,st,15.0
217,Fransyska i bit,2372722300000,129.0,1.29,kg,166.15
217,Kalvfärs 15%,7318690509219,49.9,1.0,st,49.9
217,Kvarg blåbär,4016241050540,41.9,1.0,st,41.9
217,Kvarg pers&pass,4016241050557,41.9,1.0,st,41.9
217,Kvarg vanilj 0.2%,4016241050526,41.9,1.0,st,41.9
217,Mellanmjölk 1.5%,7318690115151,11.9,2.0,st,23.8
217,Pwrade Citr/Lime,50112814,11.0,1.0,st,20.9
217,Tandb Prof soft,7310375547707,17.9,1.0,st,17.9
218,Banan Chiquita,4011,22.9,0.72,kg,16.49
218,Basturökt skinka,7350046676572,12.9,2.0,st,25.8
218,Flapsteak mörnings,2330071100000,119.0,0.65,kg,77.83
218,Frisco Hamb.bröd,7311379536292,22.9,1.0,st,22.9
218,Handtvål Lemon Spa,7318690509608,10.0,1.0,st,14.9
218,Levain,7311070008159,41.9,1.0,st,41.9
218,Lök röd,4082,21.9,0.09,kg,1.86
218,Mellanmjölk 1.5%,7318690115151,11.9,2.0,st,23.8
218,Mozzarella,7318690079873,13.9,2.0,st,27.8
218,Pwrade Citr/Lime,50112814,11.0,1.0,st,20.9
218,Tortellini pros GL,7318690513889,24.9,1.0,st,24.9
218,Turkiskt Yoghurt,7350056793030,38.9,1.0,st,38.9
219,Banan Chiquita,4011,22.9,0.15,kg,3.44
219,Kvarg blåbär,4016241050540,41.9,1.0,st,41.9
219,Kvarg hallon 0.2%,4016241050533,41.9,1.0,st,41.9
219,Kvarg pers&pass,4016241050557,41.9,1.0,st,41.9
219,Mellanmjölk 1.5%,7318690115151,11.9,1.0,st,11.9
219,Mozzarella,7318690127086,15.0,2.0,st,33.8
219,Nötfärs 12%,7318690508991,57.9,1.0,st,57.9
219,Smörkola & Crunch,6430048449464,15.0,1.0,st,15.0
219,Tortellini pros GL,7318690513889,24.9,1.0,st,24.9
220,Babyplommon tomater,6111255910724,10.0,1.0,st,10.0
220,Bulgur grönsaksmix,7318690491712,10.0,1.0,st,10.0
220,Chokladkaka sea sa,7622300544010,19.5,2.0,st,59.8
220,Energdr Berruba,7340131603781,16.9,1.0,st,15.9
220,Flapsteak mörnings,2330071100000,119.0,0.55,kg,64.97
220,Frisco Hamb.bröd,7311379536292,19.9,1.0,st,22.9
220,Hamburgare Folke,7318690516422,24.9,1.0,st,24.9
220,Levain,7311070008159,41.9,1.0,st,41.9
220,Lök,7318693356339,13.9,1.0,st,13.9
220,Lök röd,4082,21.9,0.1,kg,2.19
220,Mozza buff capana,7350027793731,19.9,3.0,st,59.7
220,Summer Vibe,7350058336211,16.9,1.0,st,15.9
220,Ärter m fläsk Feli,7310090752691,8.0,2.0,st,16.0
221,Banan Chiquita,4011,22.9,0.33,kg,7.44
221,Basturökt skinka,7350046676572,12.9,1.0,st,12.9
221,Honung krav,7315720071036,66.9,1.0,st,66.9
221,Kyckling cit&timja,7312338007839,19.9,1.0,st,19.9
221,Levain,7311070008159,41.9,1.0,st,41.9
221,Mellanmjölk 1.5%,7318690115151,11.9,2.0,st,23.8
221,Mozza buff capana,7350027793731,19.9,3.0,st,59.7
221,Nötfärs,2372782100000,109.0,1.13,kg,123.39
221,Ärter m fläsk Feli,7310090752691,8.0,3.0,st,24.0
222,Babyplommon tomater,6111255910724,10.0,1.0,st,10.0
222,Banan Chiquita,4011,22.9,0.51,kg,11.56
222,Brie ex creamy 39%,5711953070266,29.9,1.0,st,29.9
222,Kvarg blåbär,4016241050540,40.9,2.0,st,81.8
222,Mellanmjölk 1.5%,7318690115151,11.9,2.0,st,23.8
222,Nötfärs,2372782100000,109.0,1.07,kg,116.41
222,Sallami,7100,79.0,1.0,st,79.0
223,Banan Chiquita,4011,22.9,0.3,kg,6.87
223,Basmati ris,7350106060242,163.9,1.0,st,163.9
223,Gyll Havregryn,7310130321283,24.9,1.0,st,24.9
223,Kvarg pers&pass,4016241050557,40.9,1.0,st,40.9
223,Mellanmjölk 1.5%,7318690115151,11.9,2.0,st,23.8
223,Tonic Botanical,7350100521077,10.0,1.0,st,10.0
223,Tonic Midsummer,7350100521084,10.0,1.0,st,10.0
224,Banan Chiquita,4011,22.9,0.34,kg,7.79
224,Biskopsost Brän31%,2386660200000,79.0,0.77,kg,61.15
224,Grp art Kolonial,19500,118.0,1.0,st,118.0
224,Levain,7311070008159,41.9,1.0,st,41.9
224,Mellanmjölk 1.5%,7318690115151,11.9,1.0,st,11.9
224,Mozzarella 100gr,8004603100831,12.9,2.0,st,25.8
225,Babyplommon tomater,6111255910724,10.0,1.0,st,10.0
225,Banan Chiquita,4011,22.9,0.42,kg,9.73
225,Kvarg blåbär,4016241050540,40.9,1.0,st,40.9
225,Kvarg hallon 0.2%,4016241050533,40.9,1.0,st,40.9
225,Kvarg vanilj 0.2%,4016241050526,40.9,1.0,st,40.9
225,Levain,7311070008159,24.9,1.0,st,41.9
225,Lövbiff,2319143300000,89.0,0.86,kg,76.18
225,Mellanmjölk 1.5%,7318690115151,11.9,1.0,st,11.9
225,Mozz High Protein,8002670008890,10.0,2.0,st,20.0
225,Vätskeersätt Sport,7318690178941,45.9,1.0,st,45.9
226,3 vänner glasstrut,6430048449198,12.9,1.0,st,12.9
226,Banan Chiquita,4011,22.9,0.3,kg,6.98
226,Bärkasse papper,2,3.9,1.0,st,3.9
226,Cola Zero 6p,5449000259127,35.9,1.0,st,48.9
226,Färskpotatis,4833,2.0,1.28,kg,2.57
226,Lime,4048,4.9,2.0,st,9.8
226,Lövbiff,2330059700000,99.0,0.5,kg,49.6
226,Mango,4959,12.0,1.0,st,12.0
226,Mellanmjölk 1.5%,7318690115151,11.9,2.0,st,23.8
226,Melon Mint Burk,4009900505512,29.9,1.0,st,34.9
226,Morot små ICA,7318693360336,17.9,1.0,st,17.9
226,Sidfläsk sk Tulip,5762385534970,99.0,1.0,st,99.0
226,Äppeljuice,7318690173885,32.9,1.0,st,31.9
227,Avfallspåse 30L,7313130180621,20.0,2.0,st,49.0
227,Babyplommon tomat,8436534684850,20.0,1.0,st,20.0
227,Basilka,7313307801564,22.5,2.0,st,47.8
227,Bärkasse papper,2,3.9,1.0,st,3.9
227,Diskborste,7310380458470,12.5,1.0,st,12.5
227,ICA Bad&Toa 6-p,7318690046905,32.9,1.0,st,32.9
227,Levain,7311070008159,24.9,1.0,st,41.9
227,Lök vit Morado ICA,3264,15.9,1.0,st,15.9
227,Mellanmjölk 1.5%,7318690115151,11.9,2.0,st,23.8
227,Mozzarella,7318690127086,15.0,4.0,st,67.6
227,Parm Regg 22 mån,6504,199.0,0.55,kg,109.45
227,Valnötskärnor,7318690052036,57.9,1.0,st,57.9
227,YES Original,8006540956663,34.9,1.0,st,34.9
227,Ägg 15-pack frigåe,7392964158938,42.9,1.0,st,42.9
228,Cola Zero 6p,5449000259127,35.9,1.0,st,48.9
228,ICA Mat&kök 4-p,7318690069133,32.9,1.0,st,32.9
228,Jungfruolivolja Or,7316150674200,129.9,1.0,st,129.9
228,Kulörtvätt,7318690101154,11.92,1.0,st,14.9
228,Läsk Indian Zer1.5,7310401013350,29.9,1.0,st,27.9
228,Mellanmjölk 1.5%,7318690115151,11.9,3.0,st,35.7
229,Banan Chiquita,4011,22.9,0.28,kg,6.3
229,Cheddarost,6001,49.9,1.0,st,49.9
229,Frisco Hamb.bröd,7311379536292,23.9,1.0,st,23.9
229,Högrevsfärs,7318690509257,44.9,3.0,st,134.7
229,Kaffe Mollbergs Br,7310731101666,49.9,1.0,st,77.9
229,Levain,7311070008159,41.9,1.0,st,41.9
229,Lök röd,4082,26.9,0.09,kg,2.42
229,Mellanmjölk 1.5%,7318690115151,11.9,1.0,st,11.9
229,Mozzarella,7318690127086,15.0,2.0,st,33.8
229,Tortellini ski&ost,8001665128681,24.5,1.0,st,46.9
229,Tortelloni Ricotta,8001665128674,24.5,1.0,st,46.9
229,Turkiskt Yoghurt,7350056793030,38.9,1.0,st,38.9
229,Ägg 15-pack frigåe,7392964158938,42.9,1.0,st,42.9
230,Banan Chiquita,4011,22.9,0.39,kg,8.82
230,Berthåga honung,7332870046516,59.9,1.0,st,59.9
230,Kycklingfilé,7330817832628,79.9,1.0,st,79.9
230,Levain,7311070008159,41.9,1.0,st,41.9
230,Mellanmjölk 1.5%,7318690115151,11.9,3.0,st,35.7
230,Mozzarella,7318690127086,15.0,2.0,st,33.8
231,Banan Chiquita,4011,23.9,0.36,kg,8.6
231,Handtvål Aloe,7318690512301,10.9,1.0,st,10.9
231,Kvarg vanilj 0.2%,4016241050526,40.9,1.0,st,40.9
231,Levain,7311070008159,41.9,1.0,st,41.9
231,Mellanmjölk 1.5%,7318690115151,11.9,2.0,st,23.8
231,Mjölk Choklad,8717677336593,29.9,1.0,st,29.9
231,Mozzarella,7318690079873,13.9,2.0,st,27.8
231,Nötfärs 12%,7318690508991,58.9,1.0,st,58.9
231,Parmigiano Reg,2319298000000,179.9,0.56,kg,100.74
231,Sidfläsk sk Tulip,5762385534970,99.0,1.0,st,99.0
231,Tortellini ski&ost,8001665128681,24.5,2.0,st,93.8
232,Brie ex creamy 39%,5711953070266,29.9,1.0,st,29.9
232,Frisco Hamb.bröd,7311379536292,23.9,1.0,st,23.9
232,Lök röd,4082,23.9,0.08,kg,1.91
232,Mellanmjölk 1.5%,7318690115151,11.9,3.0,st,35.7
232,Mozzarella,7318690079873,13.9,2.0,st,27.8
232,Ägg 15-pack frigåe,7392964158938,42.9,1.0,st,42.9
233,Gripen Aceton,7310200000018,23.9,1.0,st,23.9
233,Gräddnougat,7622300346676,10.0,1.0,st,19.9
233,Kalvfärs 15%,7318690509219,49.9,1.0,st,49.9
233,Kebabspett,7318690002109,34.9,1.0,st,34.9
233,RedB Energi S.fri,9002490215415,10.9,10.0,st,169.0
234,Babyplommontomat,7318690075523,15.9,1.0,st,15.9
234,Bärkasse papper,2,3.9,1.0,st,3.9
234,Levain,7311070008159,41.9,1.0,st,41.9
234,Mellanmjölk 1.5%,7318690115151,11.9,3.0,st,35.7
234,RedB Energi S.fri,9002490215415,10.9,10.0,st,169.0
234,Tortellini ski&ost,8001665128681,24.5,2.0,st,93.8
235,Brie Fransk 31%,3176580026017,19.9,1.0,st,19.9
235,Kvarg blåbär,4016241050540,40.9,1.0,st,40.9
235,Mellanmjölk 1.5%,7318690115151,11.9,1.0,st,11.9
235,Mozzarella 100gr,8004603100831,12.9,4.0,st,51.6
235,Vatten Jordg/Rabar,7318690162162,11.0,1.0,st,10.9
235,Vatten Päron/Äpple,7318690161882,11.0,1.0,st,10.9
236,GodM Äpple,7310865074225,18.9,1.0,st,18.9
236,Grillkorv,7340063012606,52.9,1.0,st,52.9
236,Grillkorv bac&ost,7300201432000,45.9,1.0,st,45.9
236,Korvbröd 10-pack,7311379532072,22.9,1.0,st,22.9
236,Potato Hot dog bun,7311372167004,31.9,1.0,st,31.9
237,Banan Chiquita,4011,23.9,0.32,kg,7.65
237,Basilika eko,7331374151016,22.5,2.0,st,47.8
237,Högrev,2328016400000,99.0,0.88,kg,86.82
237,Levain,7311070008159,41.9,1.0,st,41.9
237,Mellanmjölk 1.5%,7318690115151,11.9,3.0,st,35.7
237,Mozzarella 100gr,8004603100831,12.9,2.0,st,25.8
237,Strawberry Lemonad,7350058335597,24.9,1.0,st,23.9
237,Ägg 15-pack frigåe,7392964158938,42.9,1.0,st,42.9
238,Banan Chiquita,4011,23.9,0.41,kg,9.68
238,Choklad Ljus Karam,8717677336654,24.9,1.0,st,42.9
238,Jordg Granatäpple,7310401042985,13.0,1.0,st,12.9
238,Körsbärstomat i ask,8435320608018,12.0,1.0,st,12.0
238,Loka Hallon Rab,7310401052625,13.0,1.0,st,12.9
238,Mango Loco,5060517883683,11.0,1.0,st,23.9
238,Mellanmjölk 1.5%,7318690115151,11.9,1.0,st,11.9
238,Mozzarella 100gr,8004603100831,12.9,1.0,st,12.9
238,Nötfärs 12%,7318690513247,94.9,1.0,st,94.9
238,Ultra Rosá,5060947541245,11.0,1.0,st,23.9
238,Ägg 15-pack frigåe,7392964158938,42.9,1.0,st,42.9
239,GodM Äpple,7310865074225,18.9,1.0,st,18.9
239,Grekisk Yoghurt,7350056793023,36.9,1.0,st,36.9
239,Knappcell CR2450,7638900381795,82.9,1.0,st,82.9
239,Kycklingfilé,7300322544002,79.9,1.0,st,79.9
239,Mellanmjölk 1.5%,7318690115151,11.9,3.0,st,35.7
239,Mozzarella 100gr,8004603100831,12.9,2.0,st,25.8
240,Banan Chiquita,4011,23.9,0.33,kg,7.77
240,Bikarbonat,7311311004537,8.9,1.0,st,8.9
240,Classic Gran Dia,7310760012315,67.9,1.0,st,67.9
240,Kulörtvätt,7318690101154,14.9,1.0,st,14.9
240,Levain,7311070008159,41.9,1.0,st,41.9
240,Mozzarella,7318690127086,15.0,2.0,st,33.8
240,Stekfläsk skivat,7318690177838,40.9,1.0,st,40.9
241,Babyplommon tomat,8435320605017,12.0,1.0,st,12.0
241,Choklad karame,8720701143524,24.9,1.0,st,42.9
241,Choklad Ljus Karam,8717677336654,24.9,1.0,st,42.9
241,Färskost Vitlök,8719200191280,18.9,1.0,st,18.9
241,Jordg Granatäpple,7310401042985,13.0,1.0,st,12.9
241,Kycklingfilé,7300322544002,79.9,1.0,st,79.9
241,Levain,7311070008159,41.9,1.0,st,41.9
241,Mango Lime,7310401046785,13.0,1.0,st,12.9
241,Mellanmjölk 1.5%,7318690115151,11.9,3.0,st,35.7
241,Mozzarella,7318690079873,13.9,2.0,st,27.8
241,Tandb Plant based,7350075693809,11.0,1.0,st,33.9
241,Viltfångad laxsida,7350013136931,49.9,1.0,st,49.9
241,Ägg 15-pack frigåe,7392964158938,42.9,1.0,st,42.9
242,Banan Chiquita,4011,23.9,0.33,kg,7.89
242,Bullar,9009,8.33,3.0,st,32.7
242,Gräddnougat,7622300346676,10.0,1.0,st,19.9
242,Hamburgare tex-mex,7318690069553,39.9,1.0,st,39.9
242,Kycklingben,7330817032684,49.9,1.0,st,49.9
242,Levain,7311070008159,41.9,1.0,st,41.9
242,Macamianötter r/s,7391814007587,29.9,1.0,st,29.9
242,Mellanmjölk 1.5%,7318690115151,11.9,2.0,st,23.8
242,Mozzarella,7318690079873,13.9,2.0,st,27.8
242,Ostschnitzel,7300298735008,66.9,1.0,st,66.9
242,Potato Burger bun,7311372147730,32.9,1.0,st,32.9
242,Svarta vinbär,7310070006493,13.5,1.0,st,13.9
242,Vatten Päron,7310070004468,13.5,1.0,st,13.9
243,Banan Chiquita,4011,23.9,0.36,kg,8.6
243,Citronpeppar,7311311017438,14.9,1.0,st,14.9
243,Götene Hushållsost,7311870011205,84.9,1.0,st,84.9
243,ICA Bad&Toa 6-p,7318690046905,34.9,1.0,st,34.9
243,Jordg Granatäpple,7310401042985,13.0,1.0,st,12.9
243,Levain,7311070008159,41.9,1.0,st,41.9
243,Loka Päron 1.5l,7310401000091,13.0,1.0,st,12.9
243,Mellanmjölk 1.5%,7318690115151,11.9,2.0,st,23.8
243,Mozzarella,7318690079873,13.9,3.0,st,41.7
243,Ägg frigående S,7318690102861,44.9,1.0,st,44.9
244,Babyplommon tomater,6111255910724,12.0,1.0,st,12.0
244,Bulgur Pilavlik,8681657351077,19.9,1.0,st,19.9
244,Chocolate Toffee,4014400915143,10.0,1.0,st,22.9
244,Chokladkaka sea sa,7622300544010,24.9,1.0,st,24.9
244,Kycklingfilé 2del,2307122200000,99.0,0.9,kg,88.9
244,Levain,7311070008159,41.9,1.0,st,41.9
244,Mellanmjölk 1.5%,7318690115151,11.9,2.0,st,23.8
244,Morot små ICA,7318693360336,14.9,1.0,st,14.9
244,Mozzarella,7318690127086,15.0,4.0,st,67.6
244,Roslagsgrill,7340063016406,47.9,1.0,st,47.9
244,Salt Mindr Natrium,7311631800307,21.9,1.0,st,21.9
244,Tvål Basic Refill,7391691072937,19.9,1.0,st,19.9
244,Västerbottensostpa,7310960037057,29.9,1.0,st,29.9
245,Babyplommon tomater,6111255910724,12.0,1.0,st,12.0
245,Banan Chiquita,4011,25.9,0.42,kg,11.01
245,Grekisk Yoghurt,7350056793023,36.9,1.0,st,36.9
245,Kycklårfilé chili,2307129300000,89.0,1.02,kg,90.42
245,Mellanmjölk 1.5%,7318690115151,11.9,2.0,st,23.8
245,Mozzarella,7318690079873,13.9,4.0,st,55.6
245,Nötskivor,2320577700000,99.0,0.68,kg,67.32
245,Paprika Röd,4688,25.0,0.42,kg,10.63
245,Råg Levain osötat,7311070008432,24.9,1.0,st,41.9
245,Tomato Herbs,7311311023477,24.9,1.0,st,54.9
245,Västerbottensostpa,7310960037057,29.9,1.0,st,29.9
246,Mellanmjölk 1.5%,7318690115151,11.9,1.0,st,11.9
246,Paprika Röd,4688,25.0,0.55,kg,13.75
247,Bärkasse papper,2,3.9,1.0,st,3.9
247,Fläder Päron,7310401047270,13.0,1.0,st,12.9
247,Gifflar Kanel,7311070006209,19.9,1.0,st,26.9
247,Jordg Granatäpple,7310401042985,13.0,1.0,st,12.9
247,Levain,7311070008159,24.9,1.0,st,41.9
247,Mellanmjölk 1.5%,7318690115151,11.9,3.0,st,35.7
247,Ravioli svamp,7318690513803,11.0,2.0,st,69.8
248,Banan Chiquita,4011,25.9,0.36,kg,9.32
248,Delicatoboll 6-p,7315360061503,13.0,3.0,st,68.7
248,Gifflar Kanel,7311070006209,19.9,2.0,st,53.8
248,Kielbasa,7340063010800,29.9,1.0,st,29.9
248,Mellanmjölk 1.5%,7318690115151,12.9,2.0,st,25.8
248,Mozzarella,7318690127086,15.0,4.0,st,67.6
248,Ravioli svamp,7318690513803,20.0,1.0,st,34.9
248,Ravioli svamp,7318690513803,25.0,1.0,st,34.9
248,Schnitzel,7300298954003,66.9,1.0,st,66.9
249,Babyplommon tomat,8435320605017,12.0,1.0,st,12.0
249,Banan Chiquita,4011,25.9,0.59,kg,15.41
249,Kycklingfilé 2del,2307122200000,99.0,0.98,kg,96.92
249,Mellanmjölk 1.5%,7318690115151,12.9,3.0,st,38.7
249,Mozzarella,7318690127086,15.0,4.0,st,67.6
249,Ravioli svamp,7318690513803,22.5,2.0,st,69.8
249,Råg Levain osötat,7311070008432,41.9,1.0,st,41.9
249,Tandb Prof soft,7310375547707,8.9,1.0,st,17.9
250,Coca Cola 50cl,73513513,9.9,2.0,st,17.8
250,Double Brownie,7310520021915,19.9,1.0,st,19.9
250,Gyll Havregryn,7310130321283,24.9,1.0,st,24.9
250,Jordg Granatäpple,7310401042985,13.0,1.0,st,12.9
250,Kielbasa,7340063010800,29.9,1.0,st,29.9
250,Mango Lime,7310401046785,13.0,1.0,st,12.9
250,Ravioli svamp,7318690513803,22.5,2.0,st,69.8
250,Råg Levain osötat,7311070008432,41.9,1.0,st,41.9
251,Avfallspåse 30L,7313130180621,20.0,2.0,st,49.0
251,Banan Chiquita,4011,25.9,0.68,kg,17.48
251,Basilka,7313307801564,15.0,2.0,st,30.0
251,Gifflar Raspberry,7311070006339,21.9,1.0,st,21.9
251,Grp art Kolonial,19500,15.0,1.0,st,15.0
251,Kulörtvätt,7318690101154,15.9,1.0,st,15.9
251,Mellanmjölk 1.5%,7318690115151,12.9,3.0,st,38.7
252,Babyplommon tomat,8435320605017,12.0,1.0,st,12.0
252,Classic Svea Elbry,7310760012919,68.9,1.0,st,68.9
252,Götene Hushållsost,7311870011205,84.9,1.0,st,84.9
252,Mozzarella,7318690079873,13.9,2.0,st,27.8
252,Tonic Water 1.5l,7310401003306,29.9,1.0,st,27.9
253,Jungfruolivolja Or,7316150674200,132.9,1.0,st,132.9
253,Kycklårfilé chili,2307129300000,89.0,0.94,kg,84.11
253,Levain,7311070008159,41.9,1.0,st,41.9
253,Mellanmjölk 1.5%,7318690115151,12.9,2.0,st,25.8
253,Mozzarella,7318690127086,15.0,2.0,st,33.8
254,Banan Chiquita,4011,25.9,0.67,kg,17.22
254,Cott cheese nat 4%,7318690104261,29.9,1.0,st,29.9
254,Gifflar Kanel,7311070006209,26.9,1.0,st,26.9
254,Lövbiff,2319143300000,149.0,0.92,kg,136.93
254,Mellanmjölk 1.5%,7318690115151,12.9,1.0,st,12.9
254,Sötpotatis,4091,20.0,1.55,kg,31.1
255,Blue Raspberry,7340131605235,21.0,2.0,st,47.8
255,Gifflar Raspberry,7311070006339,21.9,1.0,st,21.9
255,Grillfilé 2d mar,2307125100000,89.0,0.87,kg,77.61
255,Jordg Granatäpple,7310401042985,13.0,1.0,st,12.9
255,Levain,7311070008159,41.9,1.0,st,41.9
255,Mango Lime,7310401046785,13.0,1.0,st,12.9
255,Mellanmjölk 1.5%,7318690115151,12.9,2.0,st,25.8
255,Morot små ICA,7318693360336,14.9,1.0,st,14.9
255,Mozzarella,7318690079873,13.9,2.0,st,27.8
256,Banan Chiquita,4011,25.9,0.69,kg,17.74
256,Gifflar Raspberry,7311070006339,21.9,1.0,st,21.9
256,Godis Drömkrisp,7622210059956,11.0,1.0,st,11.0
256,Grekisk Yoghurt,7350056793023,36.9,1.0,st,36.9
256,Körsbärstomat i ask,8435320608018,9.0,2.0,st,39.8
256,Levain,7311070008159,41.9,1.0,st,41.9
256,Mellanmjölk 1.5%,7318690115151,12.9,2.0,st,25.8
256,Mozzarella,7318690079873,13.9,2.0,st,27.8
256,Smör Normalsaltat,7318690052678,49.9,1.0,st,49.9
256,Stekfläsk skivat,7300203503005,59.9,1.0,st,59.9
256,Ägg 15-pack frigåe,7392964158938,42.9,1.0,st,42.9
257,Bikarbonat,7311311004537,8.9,1.0,st,8.9
257,Blåbärspaj,7310890201191,34.9,1.0,st,34.9
257,Gifflar Raspberry,7311070006339,21.9,1.0,st,21.9
257,Godis Drömkrisp,7622210059956,11.0,1.0,st,11.0
257,Levain,7311070008159,41.9,1.0,st,41.9
257,Mellanmjölk 1.5%,7318690115151,12.9,2.0,st,25.8
257,Mozzarella,7318690079873,13.9,2.0,st,27.8
257,Schnitzel,7300298954003,66.9,1.0,st,66.9
257,Svartpeppar hel,7311311004865,29.9,1.0,st,29.9
258,Banan Chiquita,4011,25.9,0.59,kg,15.41
258,Gifflar Kanel,7311070006209,26.9,1.0,st,26.9
258,GodM Äpple,7310865074225,18.9,1.0,st,18.9
258,Götene Hushållsost,2340420400000,89.0,1.19,kg,106.18
258,Mellanmjölk 1.5%,7318690115151,12.9,1.0,st,12.9
258,Mozzarella,7318690079873,13.9,2.0,st,27.8
258,Nyhet v.37,7350146810470,17.0,2.0,st,45.8
258,Nötfärs 12%,7318690508991,59.9,1.0,st,59.9
258,Sjömansbiff,2319259200000,109.0,0.47,kg,50.69
258,Stekfläsk skivat,7300203503005,59.9,1.0,st,59.9
258,Whey-80 Jordgubb,7350049150833,256.9,1.0,st,256.9
258,Ättika 24 %,7320081190302,15.9,1.0,st,15.9
259,Banan Chiquita,4011,25.9,0.42,kg,10.88
259,Cola Zero 6p,5449000259127,40.9,1.0,st,48.9
259,Godis Drömkrisp,7622210059956,11.0,1.0,st,11.0
259,Lök vit Morado ICA,3264,16.9,1.0,st,16.9
259,Lövbiff,2330059700000,139.0,0.56,kg,77.15
259,Mellanmjölk 1.5%,7318690115151,12.9,2.0,st,25.8
259,Mozzarella,7318690079873,13.9,2.0,st,27.8
259,Nötfärs 12%,7318690513247,89.0,1.0,st,89.0
259,Tvål Milk&Hone ref,8003520029157,16.9,1.0,st,26.9
260,Basmati ris,7350106060242,163.9,1.0,st,163.9
260,Fransyska i bit,2372722300000,139.0,0.69,kg,96.47
260,Godis Drömkrisp,7622210059956,11.0,1.0,st,11.0
260,Marsipanbröd,5774540920504,14.9,1.0,st,14.9
260,Mellanmjölk 1.5%,7318690115151,12.9,2.0,st,25.8
260,Mozzarella,7318690127086,15.0,2.0,st,33.8
260,Vätskeersätt Sport,7318690178941,45.9,1.0,st,45.9
260,Ägg 15-pack frigåe,7392964158938,42.9,1.0,st,42.9
261,Bärkasse papper,2,3.9,1.0,st,3.9
261,Coca-Cola 10p,5449000259172,59.9,1.0,st,78.9
261,Fettuccine,7318690513698,7.5,2.0,st,20.0
261,Gifflar Kanel,7311070006209,26.9,1.0,st,26.9
261,Jordg.kräm 1l Ekst,7310470065021,20.0,2.0,st,57.8
261,Körsbärstomater,6111251380392,12.0,1.0,st,12.0
261,Levain,7311070008159,41.9,1.0,st,41.9
261,Loka Hallon Rab,7310401052625,13.0,1.0,st,12.9
261,Loka Päron 1.5l,7310401000091,13.0,1.0,st,12.9
261,Mellanmjölk 1.5%,7318690115151,12.9,1.0,st,12.9
261,Salami med tryffel,8007660623268,24.9,1.0,st,24.9
261,Tryffel,7622201777197,12.9,1.0,st,12.9
262,Banan Chiquita,4011,25.9,0.3,kg,7.77
262,Berthåga honung,7332870046516,59.9,1.0,st,59.9
262,Blåbär odlade,7318690128847,35.9,1.0,st,35.9
262,Bärkasse papper,2,3.9,1.0,st,3.9
262,Fransyska i bit,2372722300000,139.0,0.78,kg,108.98
262,Mellanmjölk 1.5%,7318690115151,12.9,2.0,st,25.8
262,Mozzarella,7318690079873,13.9,2.0,st,27.8
262,Salami med tryffel,8007660623268,24.9,1.0,st,24.9
262,Stekfläsk skivat,7318690177838,40.9,1.0,st,40.9
262,Tryffel,7622201777197,12.9,1.0,st,12.9
262,Whey-80 Choklad,7350049153483,256.9,1.0,st,256.9
262,Ägg 15-pack frigåe,7392964158938,42.9,1.0,st,42.9
263,Banan Chiquita,4011,25.9,0.7,kg,18.26
263,Gifflar Kanel,7311070006209,26.9,1.0,st,26.9
263,Levain,7311070008159,29.9,1.0,st,29.9
263,Makrill i tomats,7318690185277,39.5,2.0,st,89.8
263,Mellanmjölk 1.5%,7318690115151,12.9,1.0,st,12.9
263,Mozzarella,7318690079873,13.9,2.0,st,27.8
263,Nötfärs 12%,7318690508991,47.92,1.0,st,59.9
264,Basilika eko,7331374151016,22.5,2.0,st,47.8
264,Chokladbar sgl,5900951311505,5.5,5.0,st,59.5
264,Kvargplättar,6407850056487,19.9,1.0,st,19.9
264,Levain,7311070008159,29.9,1.0,st,29.9
264,Lindvalls 77,7310830020325,44.9,1.0,st,44.9
264,Mellanmjölk 1.5%,7318690115151,12.9,2.0,st,25.8
264,Mozzarella,7318690127086,15.0,2.0,st,33.8
264,Stekfläsk skivat,7318690177838,40.9,1.0,st,40.9
264,Sötpotatis,4091,16.9,1.49,kg,25.1
264,Twix sgl,5900951313592,5.5,5.0,st,59.5
265,Babyplommontomat,7318690075523,17.9,1.0,st,17.9
265,Bröstfilè Marin,2307128900000,99.0,0.45,kg,44.75
265,Bröstfilè Marin,2307128900000,99.0,0.45,kg,44.35
265,Bullar,9009,8.33,3.0,st,32.7
265,Chocolate Chunks,7300400482547,12.9,1.0,st,26.9
265,Cranberries&Oat,7300400482523,12.9,1.0,st,26.9
265,Cream ch Naturell,5711953162688,22.0,1.0,st,22.0
265,Cream ch Vitl&Ört,5711953162718,22.0,1.0,st,22.0
265,Fransyska i bit,2372722300000,139.0,0.88,kg,121.76
265,Levain,7311070008159,29.9,1.0,st,29.9
265,Lök vit Morado ICA,3264,16.9,1.0,st,16.9
265,Marsipanbröd,5774540920504,14.9,1.0,st,14.9
265,Mellanmjölk 1.5%,7318690115151,12.9,3.0,st,38.7
265,Mozz High Protein,8002670008890,12.9,3.0,st,38.7
265,Paprika Röd,4688,39.9,0.24,kg,9.58
266,Banan Chiquita,4011,25.9,0.42,kg,11.01
266,Mellanmjölk 1.5%,7318690115151,12.9,2.0,st,25.8
266,Mozzarella,7318690127086,15.0,2.0,st,33.8
266,Ägg 15-pack frigåe,7392964158938,42.9,1.0,st,42.9
266,Ögon Cacao,6416453062122,64.9,1.0,st,64.9
267,Bärkasse papper,2,3.9,2.0,st,7.8
267,Fransyska i bit,2372722300000,139.0,0.86,kg,118.98
267,Gifflar Kanel,7311070006209,26.9,1.0,st,26.9
267,Götene Hushållsost,2340420400000,109.0,1.2,kg,130.69
267,ICA Bsc hushåll,7318690079927,23.9,1.0,st,23.9
267,Kulörtvätt,7318690101154,15.9,1.0,st,15.9
267,Kycklingfilé,2332804000000,99.0,0.98,kg,96.62
267,Mellanmjölk 1.5%,7318690115151,12.9,2.0,st,25.8
267,Mozzarella,7318690079873,13.9,2.0,st,27.8
267,Munskölj Cool Mint,8714789726168,29.9,1.0,st,29.9
267,Paprikamix,6405940114574,18.0,1.0,st,18.0
267,Städservetter,7318690505723,25.9,1.0,st,25.9
267,Tonic Water 1.5l,7310401003306,29.9,1.0,st,27.9
267,Vittvätt pulver,7318690101185,15.9,1.0,st,15.9
268,Banan Chiquita,4011,25.9,0.34,kg,8.68
268,Cookies mjölkchokl,7622300589882,19.9,1.0,st,38.9
268,Levain,7311070008159,29.9,1.0,st,29.9
268,Mellanmjölk 1.5%,7318690115151,12.9,2.0,st,25.8
268,Oreo Creme,7622201637699,19.9,1.0,st,33.9
268,Reign Peach Fizz,5060608747993,11.0,1.0,st,23.9
268,Salami Peppar,6409630008686,29.9,1.0,st,29.9
268,Soft Inside,7622201636807,19.9,1.0,st,33.9
269,Banan Chiquita,4011,25.9,0.79,kg,20.46
269,Dots hasselnöt,9055,1.67,6.0,st,35.4
269,Gyll Havregryn,7310130321283,24.9,1.0,st,24.9
269,Levain,7311070008159,29.9,1.0,st,29.9
269,Mellanmjölk 1.5%,7318690115151,12.9,2.0,st,25.8
269,Mozzarella Eko,7350027798330,12.9,4.0,st,51.6
269,Salami Peppar,6409630008686,29.9,1.0,st,29.9
269,Smältost 8P,3073781195323,16.9,1.0,st,16.9
270,Coca-Cola 6p,5449000259110,40.9,1.0,st,48.9
270,Mango Loco,5060517883683,13.9,1.0,st,12.9
270,Mozzarella Eko,7350027798330,12.9,2.0,st,25.8
270,Reign Peach Fizz,5060608747993,11.0,1.0,st,23.9
271,Bakpotatis,7318690176176,23.9,2.0,st,47.8
271,Blue Raspberry,7340131605235,21.0,2.0,st,47.8
271,Coca-Cola 6p,5449000259110,40.9,1.0,st,48.9
271,Dots hasselnöt,9055,1.67,6.0,st,35.4
271,Körsbärstomat i ask,6111243381567,15.0,1.0,st,15.0
271,Lök gul 1kg,7392304211248,15.0,1.0,st,15.0
271,Mellanmjölk 1.5%,7318690115151,12.9,2.0,st,25.8
271,Ojämna bacon skivor,2354875800000,49.9,0.55,kg,27.59
271,RedB Energi S.fri,9002490215415,11.0,1.0,st,10.0
271,Salladsost natu,7318690512172,6.9,4.0,st,27.6
271,Winter Ed,90457302,15.0,1.0,st,14.0
272,Banan Chiquita,4011,25.9,0.78,kg,20.07
272,Grekisk Yoghurt,7350056793023,36.9,1.0,st,36.9
272,Julmust,7310070005342,6.0,2.0,st,10.0
272,Julmust S.fri,7310070005335,6.0,2.0,st,10.0
272,Kycklinglårfilé,2307136100000,99.0,0.92,kg,90.78
272,Levain,7311070008159,29.9,1.0,st,29.9
272,Matgrädde 13%,7318690130420,25.9,1.0,st,25.9
272,Mellanmjölk 1.5%,7318690115151,12.9,2.0,st,25.8
272,Mozzarella,7318690079873,13.9,2.0,st,27.8
272,S.kaffe Mella Refi,8711000538050,49.9,1.0,st,82.9
272,Smältost 8P,3073781195323,16.9,1.0,st,16.9
272,Tortellini Prosciu,8001665128681,24.9,1.0,st,46.9
272,Äpple/Fläder,5705010069515,27.9,1.0,st,26.9
273,Julmust S.fri,7310070005335,6.0,1.0,st,5.0
273,Levain,7311070008159,29.9,1.0,st,29.9
273,Mellanmjölk 1.5%,7318690115151,12.9,3.0,st,38.7
273,Mozzarella,7318690079873,13.9,2.0,st,27.8
273,Nötfärs 12%,7318690508991,59.9,1.0,st,59.9
273,Tortellini Prosciu,8001665128681,29.9,1.0,st,46.9
274,Cherry,5000112637991,11.0,1.0,st,10.9
274,Cola Vanilla,5000112637908,11.0,1.0,st,10.9
274,Tortellini Prosciu,8001665128681,24.9,1.0,st,46.9
275,Bärkasse papper,2,3.9,1.0,st,3.9
275,Energy Passion,7350077758056,11.0,1.0,st,10.0
275,GAAM Straw/Pine,7340195401132,11.0,1.0,st,10.0
275,Mango Pineapple,7350144680037,15.9,1.0,st,14.9
275,Pear Elderflower,7350144680044,15.9,1.0,st,14.9
275,Reign Peach Fizz,5060608747993,11.0,1.0,st,23.9
275,Reign Sour Apple,5060608741816,11.0,1.0,st,23.9
275,Tortellini Prosciu,8001665128681,24.9,1.0,st,46.9
276,Banan Chiquita,4011,22.9,0.72,kg,16.6
276,Bärkasse papper,2,3.9,1.0,st,3.9
276,Coca-Cola 10p,5449000259172,59.9,1.0,st,49.9
276,Double Starchaser,8711327583610,10.0,1.0,st,10.0
276,Jungfruolivolja Or,7316150674200,132.9,1.0,st,132.9
276,Mellanmjölk 1.5%,7318690115151,12.9,4.0,st,51.6
276,Mezze Maniche,7350002404546,10.0,1.0,st,20.9
276,Mozzarella,7318690079873,13.9,4.0,st,55.6
276,Nötfärs 12%,2319103300000,99.0,1.64,kg,162.16
276,Sea salted caramel,7392890005214,39.9,1.0,st,39.9
276,Tortellini Prosciu,8001665128681,24.9,1.0,st,46.9
276,Vanillas,7311070006230,30.9,1.0,st,30.9
277,Tortellini Prosciu,8001665128681,24.9,1.0,st,46.9
277,YES Original,8006540956663,34.9,1.0,st,34.9
278,Banan Chiquita,4011,22.9,0.45,kg,10.19
278,Basturökt skinka,7350046676572,12.9,1.0,st,12.9
278,Classic Svea Elbry,7310760012919,68.9,1.0,st,68.9
278,Gifflar Kanel,7311070006209,24.9,1.0,st,24.9
278,Levain,7311070008159,41.9,1.0,st,41.9
278,Majsfilé 4-pack,2307116800000,99.0,0.95,kg,94.25
278,Mellanmjölk 1.5%,7318690115151,12.9,2.0,st,25.8
278,Mozz High Protein,8002670008890,12.9,3.0,st,38.7
279,AXA Havregryn,7310130321122,19.9,1.0,st,19.9
279,Bakpotatis,7318690176176,23.9,2.0,st,47.8
279,Banan Chiquita,4011,22.9,0.49,kg,11.22
279,Caramel Crunch,5774540137902,11.0,1.0,st,11.0
279,Dark 70% Rich,5774540137506,11.0,1.0,st,11.0
279,Double Starchaser,8711327583610,10.0,4.0,st,40.0
279,Gifflar saffran,7311070347326,29.9,1.0,st,29.9
279,Grekisk Yoghurt,7350056793023,36.9,1.0,st,36.9
279,Levain,7311070008159,41.9,1.0,st,41.9
279,Mellanmjölk 1.5%,7318690115151,12.9,2.0,st,25.8
279,Mozzarella,7318690127086,15.0,2.0,st,33.8
279,Salami Peppar,6409630008686,29.9,1.0,st,29.9
279,Tortellini Prosciu,8001665128681,24.9,1.0,st,46.9
279,Ägg 15-pack frigåe,7392964158938,42.9,1.0,st,42.9
280,AXA Havregryn,7310130321122,11.0,1.0,st,19.9
280,Bärkasse papper,2,3.9,1.0,st,3.9
280,Cola Zero 20p,5449000259240,109.0,1.0,st,141.9
280,Gifflar Kanel,7311070006209,24.9,2.0,st,49.8
280,Mellanmjölk 1.5%,7318690115151,12.9,2.0,st,25.8
280,RedB Energi S.fri,9002490215415,8.9,10.0,st,169.0
281,Banan Chiquita,4011,22.9,0.34,kg,7.67
281,Bikarbonat,7311311004537,8.9,2.0,st,17.8
281,ICA Bad&Toa 6-p,7318690046905,35.9,1.0,st,35.9
281,Levain,7311070008159,41.9,1.0,st,41.9
281,Mellanmjölk 1.5%,7318690115151,12.9,2.0,st,25.8
281,Peanutbutter cream,7350021421852,24.9,1.0,st,24.9
281,Stekfläsk skivat,7318690177838,40.9,1.0,st,40.9
281,Ättika 24 %,7320081190302,15.9,1.0,st,15.9
282,Banan Chiquita,4011,22.9,0.57,kg,13.05
282,Bärkasse papper,2,3.9,1.0,st,3.9
282,Götene Hushållsost,2340420400000,109.0,1.19,kg,129.17
282,Lantmjölk Original,7310867501279,19.9,1.0,st,19.9
282,RedB Blue Edition,90376825,8.9,3.0,st,50.7
282,RedB Energi S.fri,9002490215415,8.9,7.0,st,118.3
282,Tortellini Ski/ost,7318690513742,16.9,3.0,st,50.7
282,Tvål Wild Honeysuc,7393481005897,19.9,1.0,st,19.9
283,Basturökt skinka,7350046676572,12.9,1.0,st,12.9
283,Fruktdryck Blåbär,7350000550573,24.9,1.0,st,24.9
283,Pepparsalami plb,7318690089001,24.9,1.0,st,24.9
283,Småbröd,9004,4.9,2.0,st,9.8
283,Tu majsk Chia/havs,7350028543762,16.9,1.0,st,27.9
284,Banan Chiquita,4011,22.9,0.4,kg,9.05
284,Chocolate Chunks,7300400482547,14.9,1.0,st,26.9
284,Chokladkaka sea sa,7622300544010,15.0,2.0,st,67.8
284,Dark Chocolate,7300400482530,14.9,1.0,st,26.9
284,Dove Tvål 500ml,8717163097700,11.0,1.0,st,27.9
284,Lantmjölk Original,7310867501279,19.9,1.0,st,19.9
284,Levain,7311070008159,41.9,1.0,st,41.9
284,Mellanmjölk 1.5%,7318690115151,12.9,1.0,st,12.9
284,Mozzarella,7318690079873,13.9,2.0,st,27.8
284,Ravioli tomat/mozz,7318690513780,13.34,1.0,st,14.9
284,Stekfläsk skivat,7318690177838,40.9,1.0,st,40.9
284,Tortellini ric/spe,7318690513766,13.33,2.0,st,29.8
284,Ägg 15-pack frigåe,7392964158938,42.9,1.0,st,42.9
285,Banan Chiquita,4011,22.9,0.8,kg,18.21
285,Dove Tvål 500ml,4000388179004,11.0,1.0,st,27.9
285,Jordnötsmör Crunch,7318690515883,61.9,1.0,st,61.9
285,Kebabspett,7318690002109,34.9,2.0,st,69.8
285,Kulörtvätt,7318690101154,11.92,1.0,st,14.9
285,Mellanmjölk 1.5%,7318690115151,12.9,3.0,st,38.7
285,Mozzarella 21% Riv,7311875904342,49.9,1.0,st,49.9
285,Ravioli tomat/mozz,7318690513780,13.34,2.0,st,29.8
285,Stekfläsk skivat,7318690177838,40.9,1.0,st,40.9
285,Tortellini Ski/ost,7318690513742,13.33,1.0,st,14.9
286,Basturökt skinka,7350046676572,12.9,1.0,st,12.9
286,Muffins,9011,8.75,4.0,st,47.6
286,Protshake vanilj,5711953081330,23.9,1.0,st,23.9
287,Kebabspett,7318690002109,34.9,1.0,st,34.9
287,Levain,7311070008159,41.9,1.0,st,41.9
287,Mellanmjölk 1.5%,7318690115151,12.9,1.0,st,12.9
287,Mozzarella,7318690079873,13.9,2.0,st,27.8
287,Smash chokladkaka,7310520021724,14.9,1.0,st,25.9
287,Stekfläsk skivat,7318690177838,40.9,1.0,st,40.9
287,Tortiglioni,7350002404577,11.0,1.0,st,20.9
287,Turkiskt Yoghurt,7350056793030,38.9,1.0,st,38.9
287,Ägg 15-pack frigåe,7392964158938,42.9,1.0,st,42.9
288,Bärkasse papper,2,3.9,1.0,st,3.9
288,Mellanmjölk 1.5%,7318690115151,12.9,3.0,st,38.7
288,Mozzarella,7318690079873,13.9,2.0,st,27.8
288,Saffrankladdkaka,7350122560238,34.9,1.0,st,34.9
288,Stekfläsk skivat,7318690177838,40.9,1.0,st,40.9
288,Voss Us,7340154813884,49.9,1.0,st,48.9
288,Ägg 15-pack frigåe,7392964158938,42.9,1.0,st,42.9
289,Banan Chiquita,4011,25.9,1.31,kg,33.93
289,Fransyska i bit,2372722300000,149.0,0.94,kg,139.46
289,Gifflar Kanel,7311070006209,24.9,1.0,st,24.9
289,Levain,7311070008159,24.9,1.0,st,41.9
289,Mellanmjölk 1.5%,7318690115151,12.9,3.0,st,38.7
289,Mozzarella,7318690079873,13.9,4.0,st,55.6
289,Stekfläsk skivat,7318690177838,40.9,1.0,st,40.9
289,Vätskeersätt Sport,7318690178941,45.9,1.0,st,45.9
290,Babyplommontomat,7318690075523,12.5,2.0,st,37.8
290,Ginger shot,7313619001959,30.9,1.0,st,29.9
290,Ingefära,4612,89.9,0.04,kg,3.15
290,Medelhavssalt jod,7311631503000,19.9,1.0,st,19.9
290,Mellanmjölk 1.5%,7318690115151,12.9,2.0,st,25.8
290,Sötpotatis,4091,20.0,1.72,kg,34.3
291,Avfallspåse 30L,7313130180621,20.0,2.0,st,49.0
291,Bacon sk Scan 140g,7300208345006,11.67,6.0,st,101.4
291,Bullar,9009,8.33,3.0,st,32.7
291,Kebabspett,7318690002109,34.9,1.0,st,34.9
291,Levain,7311070008159,24.9,1.0,st,41.9
291,Makrill i tomats,7318690185277,39.5,2.0,st,89.8
291,Mellanmjölk 1.5%,7318690115151,12.9,1.0,st,12.9
291,Pepparsalami plb,7318690089001,14.9,1.0,st,14.9
291,Ägg 15-pack frigåe,7392964158938,42.9,1.0,st,42.9
292,Banan Chiquita,4011,25.9,0.69,kg,17.74
292,Fransyska i bit,2372722300000,149.0,0.92,kg,137.38
292,Kiwi,4030,9.9,3.0,st,29.7
292,Levain,7311070008159,41.9,1.0,st,41.9
292,Mellanmjölk 1.5%,7318690115151,12.9,3.0,st,38.7
292,Mozzarella,7318690127086,15.0,4.0,st,67.6
293,AXA Havregryn,7310130321122,19.9,1.0,st,19.9
293,Banan Chiquita,4011,25.9,0.47,kg,12.3
293,Bärkasse papper,2,3.9,1.0,st,3.9
293,Ingefära,4612,89.9,0.06,kg,5.39
293,Kaffe Brygg Mellan,8711000530085,64.9,1.0,st,64.9
293,Kiwi,4030,9.9,3.0,st,29.7
293,Kycklingbröstfilé,7318690158257,99.0,1.0,st,99.0
293,Levain,7311070008159,41.9,1.0,st,41.9
293,Mellanmjölk 1.5%,7318690115151,12.9,3.0,st,38.7
293,Stekfläsk skivat,7318690177838,40.9,1.0,st,40.9
293,Ägg 15-pack frigåe,7392964158938,32.9,1.0,st,32.9
294,Chocolate Chunks,7300400482547,19.9,1.0,st,19.9
294,Fam.fav Edamer 23%,2340379700000,79.9,2.71,kg,216.45
294,Gifflar Kanel,7311070006209,26.9,1.0,st,26.9
294,Gyll Fiberhavregry,7310130321238,27.9,1.0,st,27.9
294,Kebabspett,7318690002109,34.9,1.0,st,34.9
294,Kiwi,4030,7.9,3.0,st,23.7
294,Kycklingbröstfilé,7318690158257,99.0,1.0,st,99.0
294,Mellanmjölk 1.5%,7318690115151,12.9,3.0,st,38.7
294,Morot små ICA,7318693360336,11.9,1.0,st,11.9
294,Mozzarella,7318690127086,13.33,1.0,st,16.9
294,Mozzarella,7318690127086,15.56,3.0,st,50.7
295,Apot Julmust 1.4l,7310070151209,17.0,2.0,st,33.8
295,Banan Chiquita,4011,25.9,0.74,kg,19.3
295,Fransyska i bit,2372722300000,149.0,0.93,kg,137.97
295,Grekisk Yoghurt,7350056793023,36.9,1.0,st,36.9
295,Kiwi,4030,7.9,3.0,st,23.7
295,Matgrädde 13%,7318690130420,25.9,1.0,st,25.9
295,Mellanmjölk 1.5%,7318690115151,12.9,3.0,st,38.7
295,Nivea Rakgel 200ml,4005808222933,41.9,1.0,st,41.9
296,Blomjord 10L,7310380551591,32.9,1.0,st,32.9
296,ICA Bad&Toa 6-p,7318690046905,35.9,1.0,st,35.9
296,Ingefära,4612,104.9,0.09,kg,9.44
296,Kulörtvätt,7318690101154,14.9,1.0,st,14.9
296,Kvargyogh Jordg,7392672001465,16.9,1.0,st,16.9
296,Mellanmjölk 1.5%,7318690115151,12.9,1.0,st,12.9
296,Mozzarella Ekol,7318690127185,14.9,2.0,st,29.8
296,Vittvätt pulver,7318690101185,14.9,1.0,st,14.9
296,Ägg 15-pack frigåe,7392964158938,32.9,1.0,st,32.9
297,Apot Julmust 1.4l,7310070151209,17.0,2.0,st,33.8
297,Avocado 3-pack,8713807005636,25.0,1.0,st,25.0
297,Banan Chiquita,4011,25.9,0.75,kg,19.43
297,Calzone ost&skinka,7310240077575,14.9,1.0,st,14.9
297,Gifflar Kanel,7311070006209,26.9,1.0,st,26.9
297,ICA Babyplommontom,7318690491958,25.0,1.0,st,25.0
297,Kiwi,4030,7.9,2.0,st,15.8
297,Levain,7311070008159,41.9,1.0,st,41.9
297,Mellanmjölk 1.5%,7318690115151,12.9,1.0,st,12.9
297,Mini Vårrullar,5741200319831,29.9,1.0,st,29.9
297,Paprika Gul,4680,29.9,0.47,kg,14.05
297,Pizzarulle Mozzare,7350126088707,14.9,1.0,st,14.9
297,Stekfläsk skivat,7318690177838,40.9,1.0,st,40.9
298,Banan Chiquita,4011,25.9,0.7,kg,18.26
298,Fransyska i bit,2372722300000,149.0,0.81,kg,120.39
298,Kiwi,4030,7.9,3.0,st,23.7
298,Levain,7311070008159,34.9,1.0,st,34.9
298,Mellanmjölk 1.5%,7318690115151,12.9,2.0,st,25.8
298,Mozzarella,7318690127086,15.0,4.0,st,67.6
298,Stekfläsk skivat,7318690177838,40.9,1.0,st,40.9
298,YES Original,8006540956663,34.9,1.0,st,34.9
298,Ägg 15-pack frigåe,7392964158938,32.9,1.0,st,32.9
299,Apot Julmust 1.4l,7310070151209,17.0,2.0,st,33.8
299,chokladcroissant,9033,8.33,3.0,st,26.7
299,Mellanmjölk 1.5%,7318690115151,12.9,2.0,st,25.8
299,Nötfärs 12%,2319103300000,116.0,1.61,kg,186.99
299,Pannkakor,7318690166771,19.9,1.0,st,19.9
299,Paprika Orange,4682,29.9,0.43,kg,13.01
300,Cream ch Naturell,5711953162688,23.9,1.0,st,23.9
300,Gifflar Kanel,7311070006209,26.9,1.0,st,26.9
300,Julskinka,7350025545653,19.9,1.0,st,19.9
300,Kyckling cit&timja,7312338007839,24.9,1.0,st,24.9
300,Mellanmjölk 1.5%,7318690115151,12.9,1.0,st,12.9
300,Ägg 15-pack frigåe,7392964158938,32.9,1.0,st,32.9
301,Apot Julmust 1.4l,7310070151209,17.0,2.0,st,33.8
301,Banan Chiquita,4011,25.9,0.67,kg,17.22
301,Fransyska i bit,2372722300000,149.0,0.67,kg,99.83
301,Kiwi,4030,7.9,3.0,st,23.7
301,Levain,7311070008159,29.9,1.0,st,29.9
301,Mozzarella,7318690127086,10.0,4.0,st,40.0
301,Paradis,7310510002566,79.0,2.0,st,247.8
301,Stekfläsk skivat,7318690177838,40.9,1.0,st,40.9
302,Banan Chiquita,4011,25.9,0.43,kg,11.27
302,Duo Sandwich,8711327536180,4.9,2.0,st,9.8
302,F.A. Nötkola,7312060700459,10.0,1.0,st,10.0
302,Fanta Exotic,5449000015594,12.0,1.0,st,10.0
302,Färskkorv Kabanoss,7300209858000,39.9,1.0,st,39.9
302,Gifflar saffran,7311070347326,38.9,1.0,st,38.9
302,Grevé ost,2340389200000,99.0,0.71,kg,70.49
302,Ingefära,4612,104.9,0.04,kg,4.72
302,Kiwi,4030,7.9,3.0,st,23.7
302,Levain,7311070008159,29.9,1.0,st,29.9
302,Mellanmjölk 1.5%,7318690115151,12.9,1.0,st,12.9
302,Mozzarella,7318690127086,10.0,2.0,st,20.0
302,Protein Sandwi Kok,8033629409949,7.9,1.0,st,7.9
302,Salame Milano,7318690101086,12.9,1.0,st,12.9
302,Salami Napoli,7318690101079,12.9,1.0,st,12.9
303,Choklad Almond,8717677336616,29.9,1.0,st,29.9
303,Duo Sandwich,8711327536180,4.9,2.0,st,9.8
303,Gourm Hamburgerbr,7311070008180,35.9,1.0,st,35.9
303,Högrevsfärs,7318690513230,99.0,1.0,st,99.0
303,ICA Silverlök 300g,7318690489856,32.9,1.0,st,32.9
303,Mellanmjölk 1.5%,7318690115151,12.9,1.0,st,12.9
303,Mozzarella,7318690127086,15.0,2.0,st,33.8
303,Prinskorv,7300207273003,49.9,1.0,st,49.9
303,Protein Sandwi Cho,8033629409956,7.9,1.0,st,7.9
303,Salsicciafärs,7318690505211,35.9,1.0,st,35.9
303,Stekfläsk skivat,7318690177838,40.9,1.0,st,40.9
303,Tortellini bologn,7318690513810,16.67,2.0,st,39.8
303,Tortellini Ski/ost,7318690513742,16.67,1.0,st,19.9
303,Tortellini Ski/ost,7318690513742,19.9,1.0,st,19.9
303,Ägg 15-pack frigåe,7392964158938,42.9,1.0,st,42.9
304,Banan Chiquita,4011,25.9,0.4,kg,10.23
304,Basic Ättiksprit,7318690508960,19.9,1.0,st,19.9
304,Duo Sandwich,8711327536180,4.9,2.0,st,9.8
304,Ingefära,4612,98.9,0.1,kg,9.89
304,Kiwi,4030,7.9,3.0,st,23.7
304,Levain,7311070008159,29.9,1.0,st,29.9
304,Mahmood Sella,8680417214232,193.9,1.0,st,193.9
304,Mellanmjölk 1.5%,7318690115151,12.9,1.0,st,12.9
304,Mozz High Protein,8002670008890,12.9,3.0,st,38.7
304,Tortilla Wh Wheat,7311311020636,7.9,1.0,st,7.9
304,Vätskeersätt Sport,7318690178941,45.9,1.0,st,45.9
305,Babyplommontomat,7318690075523,12.0,1.0,st,12.0
305,Citron ICA,3182,6.9,1.0,st,6.9
305,Creme Fraiche,7318690140436,34.9,1.0,st,34.9
305,Kiwi,4030,7.9,3.0,st,23.7
305,Levain,7311070008159,22.9,1.0,st,29.9
305,Mellanmjölk 1.5%,7318690115151,12.9,1.0,st,12.9
305,Riven ost,7318690517979,24.9,1.0,st,24.9
305,Smash påse,7310520006851,17.5,2.0,st,65.8
305,Taco kryddmix,7318690136170,3.9,10.0,st,99.0
305,Tortilla Wh Wheat,7311311020636,7.9,1.0,st,7.9
305,Äppelcidervinäger,7391835018159,42.9,1.0,st,42.9
306,Double Vanilj,7310520021571,24.9,1.0,st,24.9
306,Fettuccine,7318690513698,10.0,1.0,st,10.0
306,Finsalt m jod burk,7311631524128,14.9,1.0,st,14.9
306,Gnocchi,7318690174172,13.33,1.0,st,15.9
306,Gurka styck,4595,9.9,1.0,st,9.9
306,Mellanmjölk 1.5%,7318690115151,12.9,1.0,st,12.9
306,Nötfärs 12%,7300300050839,89.9,1.0,st,89.9
306,Pasta Spirali,7318690028420,13.33,1.0,st,15.9
306,Penne Rigate,7318690028369,13.34,1.0,st,15.9
306,Tortellini bologn,7318690513810,19.9,1.0,st,19.9
306,Vasa Julmust,7331157001071,12.0,1.0,st,19.9
307,Banan Chiquita,4011,25.9,0.28,kg,7.38
307,Fransyska nät vac,2319117000000,99.0,0.99,kg,97.81
307,Häagen Macadamia,3415581122831,32.9,1.0,st,32.9
307,Kiwi ICA,3206,8.9,4.0,st,35.6
307,Mellanmjölk 1.5%,7318690115151,12.9,1.0,st,12.9
307,Mozzarella,7318690127086,15.0,4.0,st,67.6
307,Paj Ost- & skinka,7318690507987,29.9,1.0,st,29.9
307,Tortellini bologn,7318690513810,19.9,1.0,st,19.9
308,Apot Julmust 1.4l,7310070151209,17.0,2.0,st,33.8
308,Kokt Skinka,7312338006566,10.0,1.0,st,10.0
308,Levain,7311070008159,22.9,1.0,st,29.9
308,Lök röd,4082,18.9,0.38,kg,7.09
308,Majskorn,7318690028819,16.33,3.0,st,56.7
308,Mellanmjölk 1.5%,7318690115151,12.9,1.0,st,12.9
308,Nötfärs 12%,2313115000000,99.0,1.02,kg,101.38
308,Paj Ost- & skinka,7318690507987,29.9,1.0,st,29.9
308,Paprika Röd,4688,56.9,0.26,kg,14.79
308,Riven ost,7318690517979,24.9,1.0,st,24.9
308,Stekfläsk skivat,7318690177838,32.72,1.0,st,40.9
309,Banan Chiquita,4011,25.9,0.34,kg,8.68
309,Bärkasse papper,2,3.9,1.0,st,3.9
309,Friggs Ört-Te 25p,7310186023650,23.9,1.0,st,23.9
309,Juladresser X7,7316198882094,15.9,1.0,st,15.9
309,Julpapper Metall,7316195030115,42.9,1.0,st,42.9
309,Spaghetti,7350002404522,14.9,1.0,st,14.9
309,Tandb Prof soft,7310375547707,11.0,1.0,st,11.0
309,Ört te-Kvällsro,7310186023551,23.9,1.0,st,23.9
310,Basilka,7313307801564,22.5,2.0,st,47.8
310,Bullar,9009,10.9,1.0,st,10.9
310,Creme Fraiche,7318690140436,34.9,1.0,st,34.9
310,Gran Biraghi f.riv,8002004211927,15.9,2.0,st,31.8
310,Grekisk Yoghurt,7350056793023,36.9,1.0,st,36.9
310,Gurka styck,4595,13.9,1.0,st,13.9
310,ICA Vetetortillas,7318690064473,20.0,2.0,st,45.8
310,Kokt Skinka,7312338006566,10.0,2.0,st,20.0
310,Köttbullar,7318690156284,12.9,1.0,st,12.9
310,Mellanmjölk 1.5%,7318690115151,12.9,1.0,st,12.9
310,Paprika Röd,4688,56.9,0.14,kg,8.25
310,Tacosås,7318690510079,15.9,1.0,st,15.9
311,Ginger Ale 1.5l,7310401003221,29.9,1.0,st,27.9
311,Gourm Hamburgerbr,7311070008180,35.9,2.0,st,71.8
311,Hamb.ost m cheddar,7318690053736,26.9,1.0,st,26.9
311,Häagen Belgian,3415581113839,32.9,1.0,st,32.9
311,Häagen Macadamia,3415581122831,32.9,1.0,st,32.9
311,Häagen Macaron,3415583000830,32.9,1.0,st,32.9
311,ICA Silverlök 300g,7318690489856,32.9,1.0,st,32.9
311,Nötfärs 12%,2319103300000,69.0,1.67,kg,115.51
311,Umamidressing,7350042722419,26.9,1.0,st,26.9
312,Apot Julmust 1.4l,7310070151209,11.9,1.0,st,9.9
312,Banan Chiquita,4011,25.9,0.32,kg,8.16
312,Färskpotatis,4833,17.9,1.48,kg,26.49
312,Herrgård® 17% lagr,2340418900000,129.0,0.54,kg,69.53
312,Häagen Macaron,3415583000830,32.9,1.0,st,32.9
312,Ingefära,4612,89.9,0.09,kg,8.09
312,Jungfruolivolja Or,7316150674200,158.9,1.0,st,158.9
312,Kiwi ICA,3206,8.9,4.0,st,35.6
312,Kokt Skinka,7312338006566,5.0,1.0,st,5.0
312,Mellanmjölk 1.5%,7318690115151,12.9,2.0,st,25.8
312,Ravioli Rökt lax M,8001665728072,24.9,1.0,st,24.9
312,Riven ost,7318690117261,56.9,1.0,st,56.9
312,Tortellini Ski/ost,7318690513742,14.9,1.0,st,14.9
313,Babyplommon tomat,8436534684850,10.0,1.0,st,10.0
313,Banan Chiquita,4011,25.9,0.34,kg,8.68
313,Bounty 6-p,5000159483063,39.9,1.0,st,39.9
313,Cream ch Naturell,5711953162688,24.9,1.0,st,24.9
313,Energidryck 4p,9002490215675,43.9,1.0,st,52.9
313,Färskpotatis,4833,17.9,1.59,kg,28.46
313,Handtvål Almond,7318690512516,18.9,1.0,st,18.9
313,ICA Bad&Toa 6-p,7318690046905,36.9,1.0,st,36.9
313,Kiwi ICA,3206,8.9,3.0,st,26.7
313,Mellanmjölk 1.5%,7318690115151,12.9,3.0,st,38.7
313,Morot små ICA,7318693360336,11.9,1.0,st,11.9
313,Stekfläsk m svå,7300202665001,29.9,1.0,st,29.9
313,Tortellini Ski/ost,7318690513742,34.9,1.0,st,34.9
314,Bärkasse papper,2,3.9,1.0,st,3.9
314,Cherry,5000112637991,11.0,2.0,st,21.8
314,Double Vanilj,7310520021571,24.9,1.0,st,24.9
314,Kebabspett,7318690002109,19.92,1.0,st,24.9
314,Kycklingfilé,2332804000000,99.0,1.04,kg,102.56
314,Levain,7311070008159,29.9,1.0,st,29.9
314,Mellanmjölk 1.5%,7318690115151,12.9,1.0,st,12.9
314,Paprikamix,6405940114574,18.0,1.0,st,18.0
314,Snackost,3073781191080,10.0,2.0,st,20.0
315,Banan Chiquita,4011,25.9,0.57,kg,14.89
315,blåbärvaniljlängd,2091838800000,35.9,1.0,st,35.9
315,Chili cheese nugge,7350004661480,32.9,1.0,st,32.9
315,Creme Fraiche,7318690140436,34.9,1.0,st,34.9
315,Double Brownie,7310520021915,24.9,1.0,st,24.9
315,Drickyoghurt Mango,7318690185765,5.0,1.0,st,5.0
315,Extrarökt Kyckling,7312338006627,12.9,1.0,st,12.9
315,Grillad kyckling,7330797077095,12.9,1.0,st,12.9
315,Kiwi ICA,3206,8.9,4.0,st,35.6
315,Korvstroganoff ris,7318690161660,15.0,1.0,st,15.0
315,Levain,7311070008159,29.9,1.0,st,29.9
315,Lussekatt,9014,5.0,4.0,st,43.6
315,Mellanmjölk 1.5%,7318690115151,12.9,3.0,st,38.7
315,Mozzarella,7318690127086,15.0,4.0,st,67.6
315,Rökt skinka EKO,7300201878006,12.9,1.0,st,12.9
315,Yoghkvarg Jo/Lime,7310867548533,12.9,1.0,st,12.9
316,Banan Chiquita,4011,25.9,0.36,kg,9.32
316,Extrarökt Kyckling,7312338006627,12.9,1.0,st,12.9
316,Kiwi korg,7318690020653,22.0,1.0,st,22.0
316,Pepparsalami,6409630008525,16.9,1.0,st,16.9
316,Äpple/Fläder,5705010069515,30.9,1.0,st,29.9
317,Banan Chiquita,4011,25.9,0.69,kg,18.0
317,Extrarökt Kyckling,7312338006627,12.9,1.0,st,12.9
317,ICA Mat&kök 4-p,7318690069133,34.9,1.0,st,34.9
317,Levain,7311070008159,29.9,1.0,st,29.9
317,Mellanmjölk 1.5%,7318690115151,12.9,3.0,st,38.7
317,Mjölkdryck 1.3%,7310865889409,18.9,1.0,st,18.9
318,Bullar,9009,8.33,3.0,st,32.7
318,Kaffefilt no4 200p,7318690513292,20.9,1.0,st,20.9
318,Kycklingbr.filé gr,7313940027000,29.9,1.0,st,29.9
318,Pepparsalami,6409630008525,16.9,1.0,st,16.9
318,Standardmjölk 3%,7318690115144,12.9,1.0,st,12.9
318,Örtkryddad kycklin,7318690124467,12.9,1.0,st,12.9
319,Bullar,9009,8.33,3.0,st,32.7
319,Dadlar Chokladboll,7350054797443,17.9,1.0,st,17.9
319,Kvarg Mango/Pass,7310867546614,25.9,1.0,st,25.9
319,Kycklingbr.filé gr,7313940027000,29.9,1.0,st,29.9
319,Lemon Lime,7350144680020,11.0,1.0,st,10.0
319,Pear Elderflower,7350144680044,11.0,1.0,st,10.0
319,Pepparsalami,6409630008525,16.9,1.0,st,16.9
319,Standardmjölk 3%,7318690115144,12.9,1.0,st,12.9
320,Guacamole,7318690516521,21.9,1.0,st,21.9
320,Levain,7311070008159,29.9,1.0,st,29.9
320,Mellanmjölk 1.5%,7318690115151,12.9,2.0,st,25.8
320,Mozzarella,7318690127086,15.0,2.0,st,33.8
320,Prästost 5-7m 31%,2386660400000,99.0,0.8,kg,79.3
320,Ravioli Rökt lax M,8001665728072,26.9,1.0,st,26.9
321,Bacon sk Tulip,5762385638364,79.9,2.0,st,159.8
321,Banan Eko,94232,29.9,0.72,kg,21.68
321,Frisco Hamb.bröd,7311379536292,25.9,1.0,st,25.9
321,Hamburgare Bacon,7318690046097,42.9,1.0,st,42.9
321,Julkaffe brygg,7310731101635,59.9,1.0,st,59.9
321,Kiwi korg,7318690020653,22.0,1.0,st,22.0
321,Mozzarella,7318690127086,15.0,4.0,st,67.6
321,Potatis fast,7318690186120,10.0,3.0,st,68.7
321,Ägg 15-pack,7392964157436,29.9,1.0,st,29.9
322,Dubbelnougat,7622210865335,6.0,3.0,st,38.7
322,Gifflar Kanel,7311070006209,26.9,1.0,st,26.9
322,GodM Äpplejuice,7310865081650,32.9,1.0,st,32.9
322,Lök,7318693356339,9.52,1.0,st,12.0
322,Makrill 3-pack,7350022560826,37.5,2.0,st,79.8
322,Mellanmjölk 1.5%,7318690115151,12.9,4.0,st,51.6
322,Morot,7318690046790,10.24,2.0,st,25.8
322,Morot,7318690046790,12.9,1.0,st,12.9
323,Avfallspåse 30L,7313130180621,20.0,2.0,st,49.0
323,Banan Chiquita,4011,25.9,0.69,kg,17.87
323,Ingefära,4612,89.9,0.05,kg,4.5
323,Loka Hallon Rab,7310401052625,13.0,1.0,st,12.9
323,Mellanmjölk 1.5%,7318690115151,12.9,3.0,st,38.7
323,Mozzarella,7318690079873,13.9,2.0,st,27.8
323,Persika Päron,7310401055381,13.0,1.0,st,12.9
323,Ravioli Västerbott,7350060704336,26.9,2.0,st,53.8
323,Råg Levain osötat,7311070008432,41.9,1.0,st,41.9
323,Rökt skinka,7350025545554,14.9,1.0,st,24.9
323,Stor Ost&Skinkpaj,7310240078862,34.9,1.0,st,34.9
323,Tandkr Sens White,8718951553224,17.9,1.0,st,17.9
323,YES Original,8006540956663,34.9,1.0,st,34.9
324,Creme Fraiche,7318690140436,34.9,1.0,st,34.9
324,Isterband,7340063013009,19.95,1.0,st,39.9
324,Kycklingvingar,7318690153689,34.9,1.0,st,34.9
324,Makrill i tomats,7318690185277,35.11,1.0,st,46.9
324,Makrill i tomats,7318690185277,43.89,1.0,st,46.9
324,Mellanmjölk 1.5%,7318690115151,12.9,3.0,st,38.7
324,Mozzarella,7318690079873,13.9,2.0,st,27.8
325,Kiwi korg,7318690020653,35.9,1.0,st,35.9
325,Kycklingfärs,7313940013119,34.9,1.0,st,34.9
325,Kycklinglårfilé,2307310300000,99.0,0.49,kg,48.51
325,Levain,7311070008159,29.9,1.0,st,29.9
325,Lövbiff sk ICA,2319143200000,169.0,0.58,kg,98.02
325,Mellanmjölk 1.5%,7318690115151,12.9,2.0,st,25.8
325,Mozzarella,7318690127086,15.0,4.0,st,67.6
325,Pizza Kebab,7350161680010,15.0,1.0,st,15.0
325,Tortellini ost/ski,7318690497226,29.9,1.0,st,29.9
326,Banan Chiquita,4011,25.9,0.47,kg,12.17
326,Cherry,5000112637991,11.0,1.0,st,10.9
326,Coca-Cola Burk,5000112637922,11.0,1.0,st,10.9
326,Fam gouda 28% sk,7311877014100,69.0,1.0,st,102.9
326,GodM Äpplejuice,7310865081650,32.9,1.0,st,32.9
326,Nötmix HonungChili,7340005405367,36.9,2.0,st,73.8
326,Rökt skinka,7350025545554,14.9,1.0,st,24.9
326,Ägg 15-pack,7392964157436,29.9,1.0,st,29.9
326,Äpple red delicious,3541,20.0,0.7,kg,14.1
327,Fläskytterfilé,2330045300000,79.0,1.09,kg,86.27
327,Gyll Fiberhavregry,7310130321238,27.9,1.0,st,27.9
327,Matgrädde 13%,7318690130420,24.9,1.0,st,24.9
327,Quattrocento,8002670353006,45.9,1.0,st,45.9
327,Tortellini Ski/ost,7318690513759,29.9,2.0,st,59.8
328,Classico,8076809523561,14.9,1.0,st,26.9
328,Coca-Cola 6p,5449000259110,35.9,1.0,st,54.9
328,Garlic sauce,8076809569408,14.9,1.0,st,26.9
328,Loka Citron,7310401000053,13.0,1.0,st,12.9
328,Loka Päron 1.5l,7310401000091,13.0,1.0,st,12.9
328,Mellanmjölk 1.5%,7318690115151,12.9,2.0,st,25.8
328,Tortellini Ski/ost,7318690513759,29.9,1.0,st,29.9
329,Banan Chiquita,4011,25.9,0.89,kg,23.05
329,Högrev,2328016400000,129.0,0.85,kg,110.17
329,Kiwi ICA,3206,5.0,4.0,st,35.6
329,Levain,7311070008159,29.9,1.0,st,29.9
329,Mellanmjölk 1.5%,7318690115151,12.9,2.0,st,25.8
329,Paprika chips,7310532304716,32.9,1.0,st,32.9
330,Basturökt skinka,7350046676572,12.9,1.0,st,12.9
330,Coca-Cola 10p,5449000259172,59.9,1.0,st,88.9
330,Creme Fraiche,7318690140436,35.9,1.0,st,35.9
330,Hamburgare tex-mex,7318690069553,39.9,1.0,st,39.9
330,ICA Bad&Toa 6-p,7318690046905,35.9,1.0,st,35.9
330,Makrill i tomats,7318690185277,39.5,2.0,st,93.8
330,Mellanmjölk 1.5%,7318690115151,13.9,3.0,st,41.7
330,Mozzarella,7318690127086,15.0,4.0,st,67.6
330,Smör normalsaltat,7310865005168,67.9,1.0,st,67.9
331,Chocolate Chunks,7300400482547,14.9,1.0,st,28.9
331,Dark Chocolate,7300400482530,14.9,1.0,st,28.9
331,Frisco Hamb.bröd,7311379536292,25.9,1.0,st,25.9
331,Hamb.ost m cheddar,7318690053736,28.9,1.0,st,28.9
331,Kiwi ICA,3206,5.0,4.0,st,35.6
331,Levain,7311070008159,29.9,1.0,st,29.9
331,Lök röd,4082,18.9,0.1,kg,1.8
331,Magnum Michelangelo,8711327555792,10.0,2.0,st,20.0
331,Mellanmjölk 1.5%,7318690115151,13.9,1.0,st,13.9
331,Skinka rökt Pärsso,7330797089012,46.9,1.0,st,46.9
331,Whey-80 Vanilj-Pär,7350049150956,275.9,1.0,st,275.9
332,Banan Chiquita,4011,25.9,0.64,kg,16.45
332,Fjällen Energi,7340195404997,13.9,1.0,st,12.9
332,Handtvål Almond,7318690512516,18.9,1.0,st,18.9
332,Ingefära,4612,89.9,0.07,kg,6.74
332,Mellanmjölk 1.5%,7318690115151,13.9,2.0,st,27.8
332,Månsken Latitude,7350146811996,13.9,1.0,st,12.9
332,Paneng red curry,7313940012648,54.9,2.0,st,109.8
333,Bratwurst,7340063010404,39.9,1.0,st,39.9
333,Entrecotekorv Chim,7300200438003,24.9,1.0,st,24.9
333,Färskpotatis,4833,17.9,2.08,kg,37.14
333,Herrgård 28% mild,2319155700000,108.9,0.99,kg,107.59
333,Karré bfr vac,2319118300000,99.9,1.0,kg,100.1
333,Mellanmjölk 1.5%,7318690115151,13.9,2.0,st,27.8
333,Minibaguetter vit.,7318690508281,6.9,1.0,st,6.9
333,Mozzarella,7318690127086,15.0,2.0,st,33.8
334,AXA F-musli bluebe,7310130003240,29.9,1.0,st,47.9
334,Banan Chiquita,4011,25.9,0.93,kg,24.09
334,Berthåga honung,7332870046516,59.9,1.0,st,59.9
334,Girasole tomat moz,7318690490159,29.9,1.0,st,29.9
334,Grillkorv Purj&Sam,7350041420088,24.9,1.0,st,24.9
334,Levain,7311070008159,29.9,1.0,st,29.9
334,Loka Citron,7310401000053,13.0,1.0,st,12.9
334,Loka Päron 1.5l,7310401000091,13.0,1.0,st,12.9
334,Magnum Michelangelo,8711327555792,10.0,2.0,st,20.0
334,Mjölkdryck 1.3%,7310865889409,19.9,2.0,st,39.8
334,Mozza buff capana,7350027793731,14.9,4.0,st,59.6
334,Standardmjölk 3%,7318690115144,14.9,1.0,st,14.9
334,Ägg 15-pack frigåe,7392964158938,42.9,1.0,st,42.9
335,AXA F-musli bluebe,7310130003240,29.9,1.0,st,47.9
335,Bacon,7318690177814,14.9,1.0,st,14.9
335,Banan Chiquita,4011,25.9,0.95,kg,24.73
335,Coca Cola 2l,7331040059219,31.9,1.0,st,29.9
335,Kebabspett,7318690002109,34.9,1.0,st,34.9
335,Kiwi korg,7318690020653,25.0,1.0,st,25.0
335,Kvarg blåbär,4016241050540,44.9,1.0,st,44.9
335,Kvarg hallon 0.2%,4016241050533,44.9,1.0,st,44.9
335,Levain,7311070008159,29.9,1.0,st,29.9
335,Mellanmjölk 1.5%,7318690115151,14.9,3.0,st,44.7
335,Rhubarb Raspberry,7350144680068,9.9,1.0,st,8.9
335,Ärtsoppa med fläsk,7318690512103,8.9,1.0,st,8.9
336,Banan Chiquita,4011,25.9,0.83,kg,21.63
336,Gifflar Kardemumma,7311070006353,26.9,1.0,st,26.9
336,Ingefära,4612,89.9,0.09,kg,7.64
336,Kebabspett,7318690002109,29.9,1.0,st,29.9
336,Kycklingfärs,7313940013119,39.9,1.0,st,39.9
336,Lök,7318693356339,14.9,1.0,st,14.9
336,Mellanmjölk 1.5%,7318690115151,14.9,2.0,st,29.8
336,Stekfläsk,7300202770002,36.9,1.0,st,36.9
336,Voss Vatten,682430611744,44.9,1.0,st,43.9
337,Basmati Rice Class,8908022656309,99.0,1.0,st,175.0
337,Guacamole,7318690516521,15.92,1.0,st,19.9
337,Kulörtvätt,7318690101154,15.9,1.0,st,15.9
337,Levain,7311070008159,29.9,1.0,st,29.9
337,Magnum Michelangelo,8711327555792,8.0,2.0,st,16.0
337,Mellanmjölk 1.5%,7318690115151,14.9,2.0,st,29.8
337,Parmigiano Reggiano,8006663003688,104.0,1.0,st,104.0
337,Rhubarb Raspberry,7350144680068,9.9,1.0,st,8.9
337,Stekfläsk,7300202770002,36.9,1.0,st,36.9
337,Ägg 15-pack frigåe,7392964158938,42.9,1.0,st,42.9
338,Auberginer,4081,11.0,1.0,st,11.0
338,Banan Chiquita,4011,25.9,0.78,kg,20.2
338,Gifflar Kardemumma,7311070006353,28.9,1.0,st,28.9
338,Halloumi,7350027794530,22.5,2.0,st,80.0
338,Laxfilé helsida,2319317800000,149.0,1.12,kg,166.58
338,Loka Citron,7310401000053,14.5,1.0,st,13.9
338,Loka Päron 1.5l,7310401000091,14.5,1.0,st,13.9
338,Mellanmjölk 1.5%,7318690115151,14.9,3.0,st,44.7
338,Mozzarella,7318690127086,15.0,4.0,st,67.6
338,Paprika Röd,4688,40.0,0.56,kg,22.6
338,Rhubarb Raspberry,7350144680068,9.9,2.0,st,17.8
338,Turkiskt Yoghurt,7350056793030,41.9,1.0,st,41.9
339,Babyplommontom,7318690491958,30.0,1.0,st,30.0
339,Energdr Berruba,7340131603781,17.9,1.0,st,16.9
339,Frisco Hamb.bröd,7311379536292,24.9,1.0,st,24.9
339,Grand Sour,7340131603682,17.9,1.0,st,16.9
339,Hamburgare tex-mex,7318690069553,39.9,1.0,st,39.9
339,Herrgårdsost,2322191000000,104.0,0.73,kg,76.34
339,Kiwi korg,7318690020653,35.9,1.0,st,35.9
339,Lemon Lime,7350144680020,9.9,1.0,st,8.9
339,Levain,7311070008159,29.9,1.0,st,29.9
339,Limón Del Sol,7340131601978,17.9,1.0,st,16.9
339,Lök röd,4082,19.9,0.14,kg,2.89
339,Mellanmjölk 1.5%,7318690115151,14.9,2.0,st,29.8
339,Mezze Maniche,7350002404546,11.0,1.0,st,11.0
339,Paprika Gul,4680,45.0,0.48,kg,21.83
339,Stekfläsk,7300202770002,36.9,1.0,st,36.9
339,Sunny Soda,7340131602166,17.9,1.0,st,16.9
340,Bärkasse papper,2,3.9,1.0,st,3.9
340,Coca-Cola 150cl,5449000000439,14.5,1.0,st,24.9
340,Grekiskt Lantbröd,7310960024194,33.9,1.0,st,33.9
340,Gyll Fiberhavregry,7310130321238,27.9,1.0,st,27.9
340,Loka Citron,7310401000053,14.5,1.0,st,13.9
340,Loka Päron 1.5l,7310401000091,14.5,1.0,st,13.9
340,Läsk Vanilla,5000112645941,14.5,1.0,st,24.9
340,Majsfilé 4-pack,2307116800000,129.0,0.94,kg,120.87
340,Mellanmjölk 1.5%,7318690115151,14.9,3.0,st,44.7
340,Mozzarella,7318690127086,15.0,2.0,st,33.8
341,Italienskt bröd,7310960031819,35.9,1.0,st,35.9
341,Mellanmjölk 1.5%,7318690115151,14.9,2.0,st,29.8
341,Mozzarella,7318690127086,15.0,4.0,st,67.6
341,Stekfläsk rimmat,7340052530708,38.9,1.0,st,38.9
341,Ägg 15-pack frigåe,7392964158938,42.9,1.0,st,42.9
342,Basturökt skinka,7350046676572,12.9,1.0,st,12.9
342,Coca-Cola 150cl,5449000000439,14.5,2.0,st,49.8
343,Banan Chiquita,4011,25.9,0.79,kg,20.33
343,Bärkasse papper,2,3.9,1.0,st,3.9
343,Herrgårdsost,2322191000000,89.0,0.78,kg,69.6
343,Kycklinginnerfilé,7300322510007,72.9,1.0,st,72.9
343,Kycklingkorv Papri,7320020038078,12.9,2.0,st,25.8
343,Loka Citron,7310401000053,14.5,1.0,st,13.9
343,Loka Päron 1.5l,7310401000091,14.5,1.0,st,13.9
343,Mellanmjölk 1.5%,7318690115151,14.9,3.0,st,44.7
343,Mörkrost Paket,7310831020058,65.9,1.0,st,65.9
343,Plättar,7318690166801,15.0,1.0,st,15.0
344,Bâtard Campagne,7350031135473,35.9,1.0,st,35.9
344,Creme Fraiche,7318690140436,37.9,1.0,st,37.9
344,Ingefära,4612,89.9,0.07,kg,6.74
344,Karré mb skivad,2330060700000,64.9,0.95,kg,61.46
344,Mellanmjölk 1.5%,7318690115151,14.9,1.0,st,14.9
344,Salsicciafärs,7318690505211,34.9,1.0,st,34.9
344,Vittvätt pulver,7318690101185,15.9,1.0,st,15.9
345,Avfallspåse 30L,7313130180621,20.0,2.0,st,49.0
345,Bullar,9009,8.88,2.0,st,21.8
345,Estellefläta,17609,7.24,1.0,st,8.9
345,ICA Bad&Toa 6-p,7318690046905,35.9,1.0,st,35.9
345,Mozzarella,7318690127086,15.0,4.0,st,67.6
345,YES Original,8006540956663,34.9,1.0,st,34.9
346,Delicatoboll 6-p,7315360061503,19.9,1.0,st,25.9
346,Franskbröd,7310960785323,19.9,1.0,st,19.9
346,Havet B,7350146810470,11.0,1.0,st,22.9
346,Mellanmjölk 1.5%,7318690115151,14.9,3.0,st,44.7
346,Morot små ICA,7318693360336,11.9,1.0,st,11.9
346,Norrsken äpple,7340195404980,11.0,1.0,st,22.9
346,Panerad schnitzel,7318690187257,34.9,1.0,st,34.9
347,Banan Chiquita,4011,25.9,0.76,kg,19.68
347,Famfav Gräddis sk,5711953156304,34.9,1.0,st,34.9
347,Franskbröd,7310960785323,19.9,1.0,st,19.9
347,Loka Citron,7310401000053,14.5,1.0,st,13.9
347,Loka Päron 1.5l,7310401000091,14.5,1.0,st,13.9
347,Mellanmjölk 1.5%,7318690115151,14.9,1.0,st,14.9
347,Mozzarella,7318690127086,15.0,2.0,st,33.8
348,Bacon tärnad,7318690182412,10.0,4.0,st,67.6
348,Blue Raspberry,7340131605235,22.0,1.0,st,24.9
348,Focus Cola,7340131608007,22.0,1.0,st,24.9
348,Gourm Hamburgerbr,7311070008180,35.9,1.0,st,35.9
348,Grekiskt Lantbröd,7331961100229,24.9,1.0,st,24.9
348,Hamburgare tex-mex,7318690069553,39.9,1.0,st,39.9
348,Havet B,7350146810470,11.0,1.0,st,22.9
348,Kiwi korg,7318690020653,35.9,1.0,st,35.9
348,Mango,4959,12.0,1.0,st,12.0
348,Mellanmjölk 1.5%,7318690115151,14.9,1.0,st,14.9
348,Parmigiano Reggiano,8006663003688,89.69,1.0,st,89.69
349,Auberginer,4081,10.0,1.0,st,10.0
349,Havet B,7350146810470,11.0,2.0,st,45.8
349,Homie Jordg/Rabarb,7340183500182,16.0,1.0,st,23.9
349,Lövbiff,2330059700000,149.0,0.51,kg,75.99
349,Mellanmjölk 1.5%,7318690115151,14.9,2.0,st,29.8
349,Mozzarella,7318690127086,15.0,4.0,st,67.6
349,Ägg 15-pack frigåe,7392964158938,42.9,1.0,st,42.9
350,Auberginer,4081,10.0,1.0,st,10.0
350,Banan Chiquita,4011,25.9,0.76,kg,19.55
350,Hajk B,7350146811668,11.0,1.0,st,22.9
350,Herrgård Eko,2340323100000,99.0,0.56,kg,55.04
350,Italienskt bröd,7310960031819,24.9,1.0,st,24.9
350,Kalvstek,2320763300000,146.0,0.88,kg,128.19
350,Kyckling skivad,7300324012004,29.9,1.0,st,29.9
350,Mellanmjölk 1.5%,7318690115151,14.9,4.0,st,59.6
350,Mozzarella,7318690127086,15.0,2.0,st,33.8
350,Svenska Blåbär,7318690491170,107.9,1.0,st,107.9
351,Grp art Kolonial,19500,55.04,1.0,st,-55.04
351,Delicatoboll 6-p,7315360061503,19.9,1.0,st,25.9
351,Handtvål Almond,7318690512516,18.9,1.0,st,18.9
351,Italienskt bröd,7310960785323,24.9,1.0,st,24.9
351,Jungfruolivolja Or,7316150674200,145.9,1.0,st,145.9
351,Kalvstek,2320763300000,146.0,0.8,kg,117.24
351,Kebabspett,7318690002109,34.9,1.0,st,34.9
351,Levain,7311070008159,41.9,1.0,st,41.9
351,Mellanmjölk 1.5%,7318690115151,14.9,2.0,st,29.8
351,Mozzarella,7318690127086,15.0,2.0,st,33.8
352,Banan Chiquita,4011,25.9,0.88,kg,22.79
352,Cocktailtomater,8749514832142,25.0,1.0,st,25.0
352,Extra White Spearm,4009900399432,15.0,4.0,st,79.6
352,Gyll Fiberhavregry,7310130321238,27.9,1.0,st,27.9
352,Hushållsost 26%,2340375400000,109.0,1.05,kg,158.45
352,Italienskt bröd,7310960785323,24.9,1.0,st,24.9
352,Kyckling sw chili,7313940012617,54.9,1.0,st,54.9
352,Loka Citron,7310401000053,14.5,1.0,st,13.9
352,Loka Päron 1.5l,7310401000091,14.5,1.0,st,13.9
352,Mellanmjölk 1.5%,7318690115151,14.9,3.0,st,44.7
352,Mozzarella,7318690127086,15.0,2.0,st,33.8
352,White Melon Mint,4009900527873,15.0,2.0,st,39.8
352,White Sweet Mint,4009900527897,15.0,3.0,st,59.7
352,Äggnudlar,7318690038559,10.0,3.0,st,30.0
353,Asparagi e pancett,7318690520184,22.9,1.0,st,45.9
353,Cappellac pesto/bu,7318690490135,22.9,1.0,st,45.9
353,Chokladbar,5000159557405,5.9,10.0,st,119.0
353,Delicatoboll 6-p,7315360061503,19.9,1.0,st,25.9
353,Italienskt bröd,7310960785323,24.9,1.0,st,24.9
353,Mellanmjölk 1.5%,7318690115151,14.9,3.0,st,44.7
353,Mezze Parm/Tryffel,7318690504986,22.9,1.0,st,45.9
353,Mozzarella,7318690127086,15.0,2.0,st,33.8
353,Tandkr Sens White,8718951553224,17.9,1.0,st,17.9
354,Banan Chiquita,4011,25.9,0.44,kg,11.4
354,Cappellac pesto/bu,7318690490135,22.9,1.0,st,45.9
354,Creme Fraiche,7318690140436,35.9,1.0,st,35.9
354,Grillspett bambu,7310380472162,15.5,1.0,st,15.5
354,Gul lök i nät,7311041045060,12.0,1.0,st,12.0
354,Italienskt bröd,7310960785323,24.9,1.0,st,24.9
354,kabanoss,7340063010855,32.9,1.0,st,32.9
354,Karré mb skivad,2330060700000,69.9,1.03,kg,72.28
354,Mellanmjölk 1.5%,7318690115151,14.9,2.0,st,29.8
354,Mezze Parm/Tryffel,7318690504986,22.9,1.0,st,45.9
354,Mozzarella,7318690079873,13.9,2.0,st,27.8
354,Sandwich,7312690800314,49.9,1.0,st,49.9
355,Arancia B,7340131605686,22.0,1.0,st,24.9
355,Asparagi e pancett,7318690520184,22.9,1.0,st,45.9
355,Babyplommontom,7318690491958,30.0,1.0,st,30.0
355,Bacon skiv,5707196031836,10.0,2.0,st,37.8
355,Banan Chiquita,4011,25.9,0.41,kg,10.49
355,Bärkasse papper,2,3.9,1.0,st,3.9
355,Cappellac pesto/bu,7318690490135,22.9,1.0,st,45.9
355,Franskt lantbröd,7310960043492,24.9,1.0,st,24.9
355,Loka Citron,7310401000053,14.5,1.0,st,13.9
355,Loka Päron 1.5l,7310401000091,14.5,1.0,st,13.9
355,Mellanmjölk 1.5%,7318690115151,14.9,2.0,st,29.8
355,Mozzarella,7318690127086,15.0,4.0,st,67.6
355,Naan bröd vitlök,7311312007629,5.9,1.0,st,5.9
355,Stellar Blend,7340131605099,22.0,1.0,st,24.9
355,Äpple Granny ICA,3210,38.9,0.23,kg,8.95
356,Auberginer,4081,11.9,1.0,st,11.9
356,Chunky Salsa Mediu,7311312000873,20.9,1.0,st,20.9
356,Classic Festivita,7310760012308,81.9,1.0,st,81.9
356,Fajita Spice mix O,7311310031367,13.9,1.0,st,13.9
356,Kata,5711953168437,39.9,1.0,st,39.9
356,Kulörtvätt,7318690101154,16.9,1.0,st,16.9
356,Kycklingfilé,2332804000000,154.0,0.95,kg,145.84
356,Lök röd,4082,19.9,0.15,kg,2.99
356,Mellanmjölk 1.5%,7318690115151,14.9,2.0,st,29.8
356,Mozzarella,7318690127086,15.0,2.0,st,33.8
356,Paprika grön,4710,49.9,0.2,kg,9.73
356,Paprika Röd,4688,89.9,0.24,kg,21.58
356,Perline Parm.Regg,7318690513834,22.9,1.0,st,35.9
356,Potatis fast,7318690186120,12.0,2.0,st,24.0
356,Salsiccia Fänkål,7340063032024,19.9,2.0,st,39.8
356,Sandwich,7312690800314,49.9,1.0,st,49.9
356,Svartpeppar hel,7311311004865,29.9,1.0,st,29.9
356,Tortilla Original,7311311021169,27.9,1.0,st,27.9
357,Bâtard Campagne,7350031135473,35.9,1.0,st,35.9
357,Loka Citron,7310401000053,14.5,1.0,st,13.9
357,Loka Päron 1.5l,7310401000091,14.5,1.0,st,13.9
357,Mozzarella,7318690127086,15.0,2.0,st,33.8
358,Banan Chiquita,4011,25.9,0.39,kg,9.97
358,Creme Fraiche,7318690140436,35.9,1.0,st,35.9
358,Ingefära,4612,89.9,0.04,kg,3.15
358,Italienskt bröd,7310960785323,24.9,1.0,st,24.9
358,Limited Edition B,7340131605747,17.9,2.0,st,33.8
358,Limited Edition B,7340131605747,17.9,1.0,st,16.9
358,Mellanmjölk 1.5%,7318690115151,14.9,3.0,st,44.7
358,Mozzarella,7318690127086,15.0,2.0,st,33.8
359,Babyplommon tomat,8435320605017,14.0,1.0,st,14.0
359,Delicatoboll 6-p,7315360061503,19.9,1.0,st,25.9
359,Fransyska nät vac,2319117000000,99.0,1.28,kg,126.32
359,Mellanmjölk 1.5%,7318690115151,14.9,3.0,st,44.7
359,Ravioli Ricot/Spen,8001665128674,24.9,1.0,st,46.9
360,Blood Orange Del S,7340131602142,16.0,1.0,st,15.0
360,Fransyska nät vac,2319117000000,99.0,0.84,kg,83.56
360,Juicy Ruby,7340131603620,16.0,1.0,st,15.0
360,Loka Citron,7310401000053,14.5,1.0,st,13.9
360,Loka Päron 1.5l,7310401000091,14.5,1.0,st,13.9
360,Nocc Raspb Blast33,7340131601619,16.0,2.0,st,30.0
360,Ravioli svamp,7318690513803,22.9,1.0,st,31.9
361,Bâtard Campagne,7350031135473,35.9,1.0,st,35.9
361,Bärkasse papper,2,3.9,1.0,st,3.9
361,Fransyska nät vac,2319117000000,99.0,0.99,kg,97.71
361,Färskpotatis,4833,17.9,2.12,kg,38.04
361,Gammald. Mjölk Eko,7310865074522,19.9,1.0,st,19.9
361,Gräddkola,7312690500085,44.9,1.0,st,44.9
361,Mellanmjölk 1.5%,7318690115151,14.9,2.0,st,29.8
361,Mozzarella,7318690127086,15.0,2.0,st,35.8
361,Mörk choklad,7312060502343,19.9,1.0,st,19.9
362,Banan Chiquita,4011,25.9,0.62,kg,16.06
362,Blood Orange Del S,7340131602142,16.0,1.0,st,15.0
362,Creme Fraiche,7318690140436,35.9,1.0,st,35.9
362,Fransyska nät vac,2319117000000,99.0,1.05,kg,103.95
362,Grekiskt Lantbröd,7310960785323,19.9,1.0,st,19.9
362,Mango del sol,7340131602135,16.0,1.0,st,15.0
362,Mellanmjölk 1.5%,7318690115151,14.9,2.0,st,29.8
362,NOCCO BCAA Päron,7340131601008,16.0,1.0,st,15.0
362,Tortellini Prosciu,8001665128681,24.9,1.0,st,47.9
362,Ungnötslever ICA,2319151000000,24.9,0.38,kg,9.56
362,Yoghurt Turkisk,7392672104104,37.9,1.0,st,37.9
362,Ägg 15-pack frigåe,7392964158938,42.9,1.0,st,42.9
363,Loka Hallon Rab,7310401052625,14.5,1.0,st,13.9
363,Loka Päron 1.5l,7310401000091,14.5,1.0,st,13.9
363,Mellanmjölk 1.5%,7318690115151,14.9,1.0,st,14.9
363,Mozzarella,7318690127086,15.0,2.0,st,35.8
363,Tortellini Prosciu,8001665128681,24.9,1.0,st,47.9
364,Banan Chiquita,4011,25.9,0.82,kg,21.37
364,Bratwurst Scan,7300206706007,24.9,1.0,st,24.9
364,Flapsteak,2330063300000,149.0,0.94,kg,139.91
364,Grekiskt Lantbröd,7310960785323,19.9,1.0,st,19.9
364,Gyll Fiberhavregry,7310130321238,27.9,1.0,st,27.9
364,ICA Bad&Toa 6-p,7318690046905,37.9,1.0,st,37.9
364,Ingefära,4612,89.9,0.1,kg,8.99
364,Mellanmjölk 1.5%,7318690115151,14.9,3.0,st,44.7
364,Mozzarella,7318690127086,15.0,4.0,st,71.6
364,Tortellini Prosciu,8001665128681,24.9,1.0,st,47.9
364,Viltfångad laxsida,7350013136931,44.9,1.0,st,44.9
365,Banan Chiquita,4011,25.9,0.38,kg,9.84
365,Fink Hush.salt Jod,7311631500603,12.9,1.0,st,12.9
365,Färskpotatis,4833,17.9,1.27,kg,22.73
365,Gifflar Raspberry,7311070006339,19.9,1.0,st,28.9
365,Grekiskt Lantbröd,7310960024194,19.9,1.0,st,19.9
365,Loka Citron,7310401000053,14.5,1.0,st,13.9
365,Loka Päron 1.5l,7310401000091,14.5,1.0,st,13.9
365,Mellanmjölk 1.5%,7318690115151,14.9,2.0,st,29.8
365,Mozzarella,7318690127086,15.0,2.0,st,35.8
365,Smör Normalsaltat,7318690052678,60.9,1.0,st,60.9
365,Tortellini Prosciu,8001665128681,24.9,1.0,st,47.9
365,Tortellini ric/spe,7318690513773,26.9,1.0,st,26.9
365,Tortellini Ski/ost,7318690513759,26.9,1.0,st,26.9
366,Bratwurst Scan,7300206706007,24.9,1.0,st,24.9
366,Grilj påskskinka,7318690165958,29.9,1.0,st,29.9
366,Kycklingfilé,2332804000000,99.0,0.95,kg,93.85
366,Loka Citron,7310401000053,14.5,1.0,st,13.9
366,Loka Päron 1.5l,7310401000091,14.5,1.0,st,13.9
366,Mellanmjölk 1.5%,7318690115151,14.9,2.0,st,29.8
366,Morot små ICA,7318693360336,10.9,1.0,st,10.9
366,Mozzarella,7318690127086,15.0,2.0,st,35.8
366,Paprika Röd,4688,35.0,0.54,kg,18.73
366,Pizzarulle Kebab,7350126088677,17.5,2.0,st,43.8
366,RedB Energi S.fri,9002490215415,11.0,2.0,st,33.8
366,Tranbärsbröd,7310960785323,24.9,1.0,st,24.9
367,Bacon tärnad,7318690177890,22.9,2.0,st,45.8
367,Banan Chiquita,4011,25.9,0.94,kg,24.48
367,Grekisk lantfralla,2212,3.9,10.0,st,119.0
367,Grilj påskskinka,7318690165958,29.9,1.0,st,29.9
367,Herrgård 28% mild,2319155700000,114.9,1.07,kg,122.83
367,Mellanmjölk 1.5%,7318690115151,14.9,2.0,st,29.8
367,Mozzarella,7318690127086,15.0,2.0,st,35.8
367,Paprika Gul,4680,25.0,0.42,kg,10.63
367,Smått & gott potati,7332205300108,10.0,2.0,st,20.0
368,Bärkasse papper,2,3.9,1.0,st,3.9
368,Energdr Berruba,7340131603781,22.0,1.0,st,24.9
368,Loka Citron,7310401000053,14.5,1.0,st,13.9
368,Loka Päron 1.5l,7310401000091,14.5,1.0,st,13.9
368,Mellanmjölk 1.5%,7318690115151,14.9,3.0,st,44.7
368,RedB Blue Edition,90376825,11.0,4.0,st,67.6
368,Sunny Soda,7340131602166,22.0,1.0,st,24.9
369,Banan Chiquita,4011,25.9,0.47,kg,12.3
369,Kabanoss,7340052541261,26.9,1.0,st,26.9
369,Laxsida,2319190900000,149.0,1.17,kg,174.33
369,Mellanmjölk 1.5%,7318690115151,14.9,1.0,st,14.9
369,RedB Energi S.fri,9002490215415,11.0,4.0,st,40.0
370,Banan Chiquita,4011,25.9,0.66,kg,17.09
370,Ingefära,4612,89.9,0.07,kg,6.29
370,Kabanoss,7340052541261,26.9,1.0,st,26.9
370,Loka Hallon Rab,7310401052625,14.5,1.0,st,13.9
370,Loka Päron 1.5l,7310401000091,14.5,1.0,st,13.9
370,Mellanmjölk 1.5%,7318690115151,14.9,2.0,st,29.8
370,Mozzarella,7318690127086,15.0,2.0,st,35.8
370,RedB Energi S.fri,9002490215439,16.0,4.0,st,60.0
370,Tranbärsbröd,7310960785323,19.9,1.0,st,19.9
371,Banan Chiquita,4011,25.9,0.82,kg,21.37
371,Creatine Monohydra,7350014910844,129.0,1.0,st,129.0
371,Gyll Fiberhavregry,7310130321238,27.9,1.0,st,27.9
371,Italienskt bröd,7310960031819,35.9,1.0,st,35.9
371,Jordg Granatäpple,7310401042985,14.5,1.0,st,13.9
371,Kabanoss,7340052541261,26.9,1.0,st,26.9
371,Körsbärstomat i ask,8430543016633,10.0,1.0,st,10.0
371,Mellanmjölk 1.5%,7318690115151,14.9,1.0,st,14.9
371,Mozzarella,7318690127086,15.0,2.0,st,35.8
371,Nötytterfilé,2371582700000,149.0,0.69,kg,102.21
371,Persika Päron,7310401055381,14.5,1.0,st,13.9
371,Turkiskt Yoghurt,7350056793030,35.0,1.0,st,35.0
371,YES Original,8006540956663,34.9,1.0,st,34.9
372,Bärkasse papper,2,3.9,1.0,st,3.9
372,Levainbröd,7310960044451,36.9,1.0,st,36.9
372,Lime,4048,5.0,3.0,st,20.7
372,Loka Hallon Rab,7310401052625,14.5,1.0,st,13.9
372,Mellanmjölk 1.5%,7318690115151,14.9,2.0,st,29.8
372,Mozzarella,7318690127086,15.0,2.0,st,35.8
372,Nivea Rakgel 200ml,4005808222933,41.9,1.0,st,41.9
372,Persika Päron,7310401055381,14.5,1.0,st,13.9
372,Snabbfilé cajun,7318690517030,64.9,1.0,st,64.9
373,Banan Chiquita,4011,25.9,0.36,kg,9.45
373,Batteri LR6 AA,7331210144851,27.9,1.0,st,27.9
373,Handtvål Almond,7318690512516,18.9,1.0,st,18.9
373,Kulörtvätt,7318690101154,16.9,1.0,st,16.9
373,Kyckling sw chili,7313940012617,69.0,1.0,st,69.0
373,Levainbröd,7310960044451,36.9,1.0,st,36.9
373,Loka Citron,7310401000053,14.5,1.0,st,13.9
373,Loka Päron 1.5l,7310401000091,14.5,1.0,st,13.9
373,Mozzarella,7318690127086,15.0,2.0,st,35.8
373,Nötytterfilé,2371582700000,139.0,0.61,kg,84.23
373,Paprika Gul,4680,29.9,0.25,kg,7.48
373,Paprika Röd,4688,34.9,0.23,kg,8.03
373,Ärter m fläsk Feli,7310090752691,8.0,2.0,st,16.0
374,Banan Chiquita,4011,25.9,0.4,kg,10.23
374,Fever Tree Spanish,5060108454995,10.0,1.0,st,10.0
374,Grekiskt Lantbröd,7310960024194,35.9,1.0,st,35.9
374,Gul lök ICA,4666,10.9,0.91,kg,9.86
374,Loka Hallon Rab,7310401052625,14.5,1.0,st,13.9
374,Mellanmjölk 1.5%,7318690115151,14.9,1.0,st,14.9
374,Paprika Gul,4680,34.9,0.21,kg,7.5
374,Paprika Röd,4688,32.9,0.21,kg,6.91
374,Persika Päron,7310401055381,14.5,1.0,st,13.9
374,Tomat Cherryvine,8715817190104,24.9,1.0,st,24.9
375,Banan Chiquita,4011,25.9,0.38,kg,9.84
375,Bikarbonat,7311311004537,9.9,1.0,st,9.9
375,Diskborste,7310380458487,19.9,1.0,st,19.9
375,Grekisk Yoghurt 0%,7350056793016,25.9,1.0,st,25.9
375,Grillkrydda,7311311014017,24.9,1.0,st,24.9
375,ICA Tandb Mjuk,7318690115182,14.9,1.0,st,14.9
375,Ingefära,4612,89.9,0.08,kg,7.19
375,Loka Citron,7310401000053,14.5,1.0,st,13.9
375,Mozzarella,7318690127086,15.0,4.0,st,71.6
375,Mozzarella riven,7318690517986,24.9,1.0,st,24.9
375,Paprika Röd,4688,32.9,0.65,kg,21.22
375,Persika Päron,7310401055381,14.5,1.0,st,13.9
375,Rödlök ICA 1kg,7318693356407,19.9,1.0,st,19.9
375,Tortilla Original,7311311021169,27.9,1.0,st,27.9
376,Avfallspåse 30L,7313130180621,20.0,2.0,st,49.0
376,AXA Mannagryn,7310130311048,20.9,1.0,st,20.9
376,Banan Chiquita,4011,25.9,0.41,kg,10.62
376,Energidryck White,90474538,15.0,2.0,st,33.8
376,Fiberhavrgr KRAV,7318690182337,17.9,1.0,st,17.9
376,Granola Pekan Lönn,7311312007865,24.9,1.0,st,24.9
376,Grekiskt Lantbröd,7310960024194,35.9,1.0,st,35.9
376,Jordg Granatäpple,7310401042985,14.5,1.0,st,13.9
376,Kycklingfilé,7300322544002,89.5,2.0,st,219.8
376,Mellanmjölk 1.5%,7318690115151,14.9,1.0,st,14.9
376,Mozzarella,7318690127086,10.0,1.0,st,17.9
376,Mozzarella,7318690127086,10.0,1.0,st,17.9
376,Persika Päron,7310401055381,14.5,1.0,st,13.9
377,Banan Chiquita,4011,25.9,0.72,kg,18.78
377,Grekisk Yoghurt 0%,7350056793016,25.9,1.0,st,25.9
377,Italienskt bröd,7310960031819,35.9,1.0,st,35.9
377,Kalvlever,2320278000000,29.9,0.25,kg,7.45
377,Mellanmjölk 1.5%,7318690115151,14.9,2.0,st,29.8
377,Mozzarella,7318690127086,10.0,1.0,st,17.9
377,Paprika Gul,4680,33.9,0.24,kg,8.31
377,Paprika Röd,4688,46.9,0.51,kg,23.92
377,Persika Päron,7310401055381,15.9,1.0,st,13.9
377,Riven ost,7318690517979,25.9,1.0,st,25.9
377,Tortilla Original,7311311021169,27.9,1.0,st,27.9
378,Bärkasse papper,2,3.9,1.0,st,3.9
378,Cocktailtomater,8423223004686,10.0,1.0,st,10.0
378,Mango,4959,15.0,1.0,st,15.0
378,Protpudd Choklad,6408430407675,15.0,2.0,st,39.8
379,Napoleonbakelse,7331961051255,54.9,1.0,st,54.9
380,Blue Raspberry,7340131605235,22.0,1.0,st,24.9
380,Energdr Berruba,7340131603781,22.0,1.0,st,24.9
380,Franskt lantbröd,7310960043492,33.9,1.0,st,33.9
380,Gr.Yoghurt Blåb 0%,7350056793153,22.0,1.0,st,22.0
380,Gr.Yoghurt Vani 0%,7350056793139,22.0,1.0,st,22.0
380,Jordg Granatäpple,7310401042985,14.5,1.0,st,13.9
380,Kyckling mild vitl,7350059440085,29.9,1.0,st,29.9
380,Loka Hallon Rab,7310401052625,14.5,1.0,st,13.9
380,Mellanmjölk 1.5%,7318690115151,14.9,1.0,st,14.9
381,Banan Chiquita,4011,25.9,0.62,kg,16.19
381,Italienskt bröd,7310960031819,35.9,1.0,st,35.9
381,Jordg Granatäpple,7310401042985,14.5,1.0,st,13.9
381,Loka Hallon Rab,7310401052625,14.5,1.0,st,13.9
381,Mozzarella,7318690127086,10.0,4.0,st,71.6
381,Pink Edition SF,90457937,15.0,2.0,st,33.8
382,Banan Chiquita,4011,25.9,0.79,kg,20.46
382,Gul lök ICA,4666,10.9,0.66,kg,7.14
382,Kollegie rutat A4,7313134012478,25.9,1.0,st,25.9
382,Kycklingbröstfilé,7318690176138,67.9,2.0,st,135.8
382,Mozzarella,7318690127086,10.0,2.0,st,35.8
382,Paprika Gul,4680,29.9,0.81,kg,24.22
382,Peach Strawberry,7350144680075,8.9,2.0,st,45.8
382,TOALETT CLASSIC,6414301095452,69.9,1.0,st,69.9
383,Bâtard Campagne,7350031135473,35.9,1.0,st,35.9
383,Dumpling biff/chili,7350059440245,27.5,1.0,st,29.9
383,Fläsk Sichuan,7350059440238,27.5,1.0,st,29.9
383,Grekisk Yoghurt 0%,7350056793016,25.9,1.0,st,25.9
383,Lök röd,4082,18.9,0.41,kg,7.84
383,Mango,4959,12.0,1.0,st,12.0
383,Mozzarella,7318690127086,10.0,2.0,st,35.8
383,Mozzarella riven,7318690517986,24.9,1.0,st,24.9
383,Tomater,4806,20.0,0.74,kg,14.9
383,Tortilla Original,7311311021169,27.9,1.0,st,27.9
384,Banan Chiquita,4011,25.9,0.35,kg,9.07
384,Creatine Monohydra,7350014910844,129.0,1.0,st,129.0
384,Kiwi ICA,3206,10.9,1.0,st,10.9
384,Müsli Hasselnöt,7310130012563,25.9,1.0,st,25.9
384,Mellanmjölk 1.5%,7318690115151,14.9,2.0,st,29.8
384,RedB Blue Edition,90376825,15.0,2.0,st,33.8
384,Rökt skinka stp,7350025540009,29.9,1.0,st,29.9
384,Syrad surkål,7393853111102,53.9,1.0,st,53.9
384,Tonfisk i vatten,7318690499541,20.0,2.0,st,43.8
385,Banan Chiquita,4011,25.9,0.36,kg,9.32
385,Cola Zero 2l,5449000131843,31.9,1.0,st,29.9
385,Kiwi korg,7318690020653,49.9,1.0,st,49.9
385,Levain cereal,7310960044468,33.9,1.0,st,33.9
385,Loka Hallon Rab,7310401052625,14.5,1.0,st,13.9
385,Loka Päron 1.5l,7310401000091,14.5,1.0,st,13.9
385,Syrad rödkål,7393853141109,53.9,1.0,st,53.9
385,Tandkr Max White,8718951312593,18.9,1.0,st,18.9
386,Arancia B,7340131605686,22.0,1.0,st,24.9
386,Babyplommon tomat,8435320605017,10.0,1.0,st,10.0
386,Banan Eko,94232,29.9,0.43,kg,13.01
386,Grekiskt Lantbröd,7310960024194,19.9,1.0,st,35.9
386,Grekisk Yoghurt 0%,7350056793016,25.9,1.0,st,25.9
386,Gul lök ICA,4666,10.9,0.89,kg,9.7
386,Kycklingbröstfilé,7318690176145,137.9,1.0,st,137.9
386,Limón Del Sol,7340131601978,22.0,1.0,st,24.9
386,Mellanmjölk 1.5%,7318690115151,14.9,1.0,st,14.9
386,Mozzarella Maxi,7350027795537,19.9,2.0,st,39.8
386,Paprika Gul,4680,52.9,0.82,kg,43.38
386,Riven ost,7318690517979,25.9,1.0,st,25.9
386,Tortilla Original,7311311021169,27.9,1.0,st,27.9
387,Banan Chiquita,4011,25.9,0.76,kg,19.55
387,Grekiskt Lantbröd,7310960024194,19.9,1.0,st,19.9
387,Gyll Havregryn,7310130321283,24.9,1.0,st,24.9
387,Mellanmjölk 1.5%,7318690115151,14.9,2.0,st,29.8
387,Mozzarella,7318690127086,17.9,2.0,st,35.8
388,Cola Zero,7310401042527,10.9,1.0,st,8.9
388,Granola Pekan Lönn,7311312007865,19.9,1.0,st,19.9
388,Grekiskt Lantbröd,7310960024194,19.9,1.0,st,19.9
388,Grekisk Yoghurt 0%,7350056793016,25.9,1.0,st,25.9
388,Gul lök ICA,4666,10.9,0.43,kg,4.74
388,Mellanmjölk 1.5%,7318690115151,14.9,1.0,st,14.9
388,Morot små,7318690503293,12.9,1.0,st,12.9
388,Mozza buff capana,7350027793731,12.9,3.0,st,38.7
388,Paprika Gul,4680,52.9,0.89,kg,47.08
388,Pastasås Arrabiata,8076809513388,14.9,1.0,st,26.9
388,Pastasås Basilika,8076809513739,14.9,1.0,st,26.9
388,Riven ost,7318690517979,25.9,1.0,st,25.9
388,Sriracha Chilisås,87666052802,57.9,1.0,st,57.9
388,Tonfisk i vatten,7318690499541,20.0,2.0,st,43.8
388,Tortilla Original,7311311021169,27.9,1.0,st,27.9
389,Banan Chiquita,4011,25.9,0.42,kg,10.88
389,Cola Zero,7310401042527,10.9,1.0,st,8.9
389,Kiwi korg,7318690020653,49.9,1.0,st,49.9
389,Kycklingbröstfilé,7318690176145,137.9,1.0,st,137.9
389,Körsbärstomat kvist,8430543062302,20.0,1.0,st,20.0
389,Loka Hallon Rab,7310401052625,14.5,1.0,st,13.9
389,Loka Päron 1.5l,7310401000091,14.5,1.0,st,13.9
389,Mild & Syrlig ost,2340413400000,167.9,0.54,kg,89.83
389,Mozzarella,7318690079873,13.9,2.0,st,27.8
389,RedB Energi S.fri,9002490215415,12.0,2.0,st,22.0
389,Tonfisk i vatten,7318690499541,20.0,2.0,st,43.8
390,Banan Chiquita,4011,24.9,0.69,kg,17.31
390,Basturökt skinka,7350046676572,13.9,1.0,st,13.9
390,Citron,4304,5.0,4.0,st,27.6
390,Cola Zero 2l,5449000131843,31.9,1.0,st,29.9
390,Dimma,7350146811576,11.0,1.0,st,22.9
390,Granola Pekan Lönn,7311312007865,19.9,1.0,st,19.9
390,Grillfilé 2d mar,2307125100000,79.9,0.91,kg,72.79
390,Gryning,7350146814003,11.0,1.0,st,22.9
390,Havet B,7350146810470,11.0,1.0,st,22.9
390,Kiwi korg,7318690020653,49.9,1.0,st,49.9
390,Levain cereal,7310960044468,24.9,1.0,st,24.9
390,Mellanmjölk 1.5%,7318690115151,14.9,2.0,st,29.8
390,Mozzarella,7318690079873,13.9,3.0,st,41.7
391,Arancia B,7340131605686,22.0,1.0,st,24.9
391,Banan Chiquita,4011,24.9,0.97,kg,24.28
391,Chiafrön,7318690522140,37.9,1.0,st,37.9
391,Grand Sour,7340131603682,22.0,1.0,st,24.9
391,Grekisk Yoghurt 0%,7350056793016,25.9,1.0,st,25.9
391,Laxfilé helsida,2319317800000,139.0,1.11,kg,153.73
391,Levain cereal,7310960044468,24.9,1.0,st,24.9
391,Loka Hallon Rab,7310401052625,14.5,1.0,st,13.9
391,Loka Päron 1.5l,7310401000091,14.5,1.0,st,13.9
391,Mellanmjölk 1.5%,7318690115151,14.9,2.0,st,29.8
391,Mozzarella,8000430135268,24.9,2.0,st,49.8
391,Rökt bog Plb,7318690109464,14.9,1.0,st,14.9
392,Caesarpaj,7310960049258,19.75,1.0,st,33.9
392,Cherry on the wine,8716062000194,20.0,1.0,st,20.0
392,Grevé 28% mild,2340428600000,109.0,0.74,kg,80.22
392,ICA Bsc hushåll,7318690079927,24.9,1.0,st,24.9
392,Italienskt bröd,7310960031819,35.9,1.0,st,35.9
392,Kycklingpaj,7310960027300,19.75,1.0,st,33.9
392,Mahmood Sella,8680417214232,193.9,1.0,st,193.9
392,Mozzarella,8000430135268,24.9,2.0,st,49.8
392,Ost/skinkpaj,7310960027270,19.75,1.0,st,33.9
392,Parmigia Regg 12m,7350166370251,49.9,1.0,st,49.9
392,Provencale,7300204647005,24.9,1.0,st,24.9
392,Smältost 8P,3073781195323,19.9,1.0,st,19.9
392,Tacopaj,7310960034469,19.75,1.0,st,33.9
393,Cola Zero 2l,5449000131843,31.9,1.0,st,29.9
393,Italienskt bröd,7310960031819,24.9,1.0,st,24.9
393,Tonfisk i vatten,7318690499541,20.0,2.0,st,43.8
393,Ägg 15-pack frigåe,7392964158938,42.9,1.0,st,42.9
